gene,corr_pseudotime,corr_chondro,driver,detect
ERCC-00126,0.012374987668326917,-0.008153973085517513,0.011638528797259675,0.9404881127314441
ERCC-00071,0.0030015959032375266,-0.020627551735150327,0.0028192698630756688,0.9392569666139268
ENSMUST00000148300,0.009674198726335579,-0.012424379565848666,0.008993490450321728,0.9296367280361119
ERCC-00095,0.012018612086508762,-0.010445951974763555,0.011239208493330467,0.9351502829471302
ERCC-00044,0.0063266068550968235,-0.011247969925017972,0.005799139011820633,0.9166270553304172
Mir671,0.18343437520608624,0.14488330981243222,0.14768632531649017,0.8051180437176316
ERCC-00112,0.00872796256193701,-0.00945578030177302,0.008008982762979336,0.917623409374695
Col28a1,0.2626050377310469,0.18472748807284872,0.23510852499583784,0.8952932777954922
ERCC-00003,0.006742816430956793,-0.010384603658469195,0.006172315007127535,0.915391227142112
Mal2,0.05995755746349898,0.07771435489554085,0.054039879679875925,0.9013022205378259
Igf1r,0.16856352436175112,0.15257519769376804,0.13370588148149656,0.7932076763805247
Cdkn1b,0.11159306435266668,0.10380480929199142,0.09822742533384367,0.8802287660406592
Mesp1,0.12433103405951347,0.1331194132601001,0.10876741827216777,0.8748211506075315
Mir467f,0.15830242480223228,0.1546443224993214,0.14594828949486888,0.9219586476783443
Vill,-0.016934993871670776,0.0391932321778811,0.015514267769507414,0.9161070790500856
Col1a1,-0.02152602639636548,0.09801656548773816,0.019794537908075692,0.9195630230862238
Ccnd1,0.03206679472961394,0.07021208844130891,0.02941635714488514,0.9173463513557499
March9,-0.08682375734369273,0.012030931291649543,0.07653442283844804,0.8814917158616592
Gm2840,-0.02035789548873669,-0.005702793957285553,0.015843585240910476,0.7782526071850686
Mdh2,-0.03756956266204939,0.03623477766056857,0.03196696987687845,0.8508741548160113
Lfng,-0.022743532783349726,0.07731471242626624,0.020889956269226052,0.9185009412662287
mt-Ti,-0.06365732907748083,-0.02248459546880718,0.056388970531634844,0.8858205543465504
Cd248,0.02271967792332545,0.02038273349297912,0.020977793451646142,0.9233314628157214
Tubb4b-ps2,-0.03160108037401867,0.04285304095677617,0.027995625451599483,0.8859072259635951
Hnrnpa1l2-ps2,-0.019538938564669286,0.03537166617172531,0.017116365737307355,0.8760130792497358
Tmsb15l,-0.017261046399215066,0.023651031056258178,0.015767964913402696,0.9134999436719974
Tuba1a,-0.0325379047708675,0.032593844903418684,0.030252930272684907,0.9297749958310646
Sox10,-0.015956576898029783,0.0293746453134957,0.014828310808089122,0.9292914703980169
Ldb3,0.07465514290627628,0.08029305889537769,0.06909030227265969,0.925459380064374
ERCC-00170,0.013746422287676807,0.0031428046957511155,0.011949661531714298,0.8692924807370974
Ywhab,-0.002393024608057226,0.040340212936925475,0.0021144985371596976,0.8836091906620008
Hsp90aa1,0.034208317759409926,0.08499074399438811,0.026838466416553217,0.7845596677775998
Rpl7l1,0.014763807656654955,0.0647345698472153,0.01192541802119484,0.8077467749872318
Nedd1,0.04166573328934829,0.08552694472105674,0.034673912074315236,0.832192531774774
Rpl21-ps9,0.009602999095720635,0.045339082990626785,0.008010799297231414,0.8341976519399288
Rpl13a-ps1,0.03232741249486489,0.07795664495247068,0.02696445520350016,0.8341049630181004
Snord15a,0.0346377339500074,0.07457808072162143,0.02778417821818662,0.80213614026505
Rps17,0.0374697041524972,0.08285463526120597,0.032200829042514215,0.8593830608178998
Rps19bp1,0.02538715010472393,0.06678132719571386,0.022381805862409853,0.8816194716651218
Serac1,-0.005527021531400207,0.036526293928425956,0.005106855610131398,0.9239796843776064
Cfh,0.0021223790620581513,0.04535028928790687,0.0018955941630599063,0.8931459026087814
Snord14c,0.012571641162662716,0.05254707812695979,0.011106380648906067,0.8834471573919548
Tsc2,0.06354243843246493,0.09023756793846548,0.058575668959284566,0.9218353970085801
Gm11940,0.0373376702882754,0.06855821463237738,0.03360806844366288,0.9001115544752221
Eef1g,0.04148564876292315,0.07705175144340416,0.03679664058269345,0.886972764798115
Gm27373,0.03738960407422699,0.06315412002786165,0.03054146889077593,0.8168438700271891
Scube3,-0.020635543017183913,0.031009049010948666,0.017212850742444573,0.8341360694075678
Nploc4,0.007173874034995493,0.04611460029968192,0.005591684401680842,0.7794511548995096
Zzz3,-0.027420063192078237,-0.018566102839932874,0.024770115203828016,0.9033573347483823
Fst,0.026796001815432288,0.0963929800220446,0.024700513854500592,0.9217984841408368
Rps14,0.021459213898893277,0.06733124104733272,0.017662656000839157,0.8230802900822979
Prrt4,-0.04608392895577155,0.031128405893257428,0.04234812245794385,0.918934722310394
Ybey,0.00948543551415116,0.04135003026197079,0.008488804888614422,0.8949304305479826
Prdx1,-0.019842577525492205,0.023314477367306078,0.01807747089419139,0.9110444885986639
Rpl32-ps,0.024359612901736508,0.04150210646759379,0.022867891223622466,0.9387625048012277
Ptk7,-0.04298011166893633,0.011485087539128266,0.037062060135971915,0.8623072090051906
Eif4g1,-0.006974402595955571,0.032441556295905616,0.006307891982941311,0.9044347377651003
Hnrnpa3,-0.014184813715910858,0.019762290079078114,0.013096477335786746,0.9232745383957109
Hmgcs2,-0.028101011744815576,0.02453750249774646,0.025458952703965917,0.9059799317959754
H3f3aos,-1.036813676067313e-05,0.03893246935680592,8.702012540098399e-06,0.8393034101465149
Atp5a1,-0.00463961604164774,0.032470147764874856,0.004286643999273863,0.923922143727971
Gm5558,0.012178638388368933,0.03981105420480774,0.010871193450709877,0.8926444076944007
Chchd10,-0.008198534799180764,0.021897435075046556,0.007516275395072271,0.9167827641377253
Igfbp3,-0.025409531337911632,0.055050030023107994,0.023335259327386906,0.9183663805939678
Gm8724,0.029572080835814075,0.06216236296171363,0.02515664021850915,0.8506888763824327
Gm29202,-0.0020770917507920462,0.008505777203861807,0.0015381303123114297,0.7405211212864827
Grasp,0.06275151787057567,0.09393223661566737,0.05769620223593939,0.9194391497419582
Racgap1,0.03876910499387409,0.07776251008897565,0.03011256776729973,0.7767155773149217
Hnrnph3,-0.001047148049377738,0.03548576086771703,0.0009548654659104167,0.9118724582238781
Rplp1-ps1,0.02166380992072427,0.07154082589108429,0.017677270053021252,0.8159815894668938
Atp2c1,-0.01826180870568703,0.023519193882753742,0.016867984086617088,0.923675434261017
mt-Nd4l,-0.004590799482924036,0.04684751894860895,0.0034178158506668085,0.7444925145129374
Fth1,0.014314471340479598,0.07006148953194273,0.011863323767589076,0.8287643661726457
Snord32a,0.021257200614565236,0.06786531918982408,0.017668265878535264,0.8311661633578004
Hnrnpr,-0.003064904007811473,0.04278460972598555,0.0028546353848529545,0.9313947117356335
Rps9,0.03766982823996064,0.0733894989312091,0.032909475144455226,0.8736295513432798
Gas2l3,0.04547976140106448,0.057626736180615874,0.04163321012066278,0.9154227911074383
Calhm2,0.043299533393261716,0.061169572974473674,0.040230056924158465,0.9291106340286586
Rps27rt,0.017601888888072258,0.05519988973155843,0.014838954146171219,0.8430319177975658
mt-Co1,-0.01298613013085543,-0.0070438727971403855,0.011735201399961212,0.9036719393468904
Col2a1,0.08270639799839176,0.3588604903616236,0.07356642604678987,0.8894889370979544
Pa2g4,0.03083823195594801,0.053860557417946736,0.02847717249252443,0.9234372623308521
Styx,-0.0051493055416547626,0.04645588583559799,0.004753034194536492,0.923043730088907
mt-Ts1,-0.005601802072558756,0.02961549109801557,0.0043072616407647864,0.7689064313543914
Eef1e1,0.034817112665889306,0.06238669557766393,0.03178991341311079,0.9130542707022259
Rprm,0.028797504456775546,0.0708370083795904,0.02301438171729287,0.7991797258625997
Ctnnal1,0.034846302796443476,0.05623129260299602,0.03216956905525239,0.9231845697712217
Rpl22l1,0.05479564117263617,0.07983388928323489,0.045509984903625046,0.830540238780011
Rps13,0.018352744926732056,0.0448256588721791,0.015851704943561997,0.863723928319457
Nrde2,0.007003655502420709,0.04736231513638256,0.0064684472600235595,0.923581586471213
Col19a1,0.016365953640761134,0.13471599557453615,0.014206645924279445,0.86806099028023
Rps24-ps3,0.030276109522225626,0.06407124302532914,0.025807228622321782,0.85239580083355
Rpl39,0.020685482797304762,0.03820745769136825,0.01779591033506621,0.8603091602669747
Dync2li1,0.012272356258953536,0.05295860944566015,0.011225789863460078,0.9147216415975608
Gm20383,0.03681264924928342,0.07167236559026155,0.03432592780077401,0.9324492667813682
Rps13-ps6,0.042083454841091966,0.08030732596990939,0.03242075860697763,0.7703920395651715
Rps20,0.03734859776712715,0.0681595986284776,0.03329006103866469,0.8913336250595563
Ubash3b,0.027644206816913583,0.057300913700819085,0.024317578579561388,0.8796627351479348
Snord53,0.02738704048604565,0.07000594532843302,0.021913719857922283,0.8001492482945665
Rpl39l,0.019962582511275723,0.05678893280699389,0.014766658101795848,0.7397168223828258
Rpl12-ps1,0.003433372011079661,0.04371551196190466,0.002937168208198766,0.85547624863265
Rplp0-ps1,0.03859549150224143,0.0867538958239392,0.028682078188590806,0.7431458202035099
Gm28285,0.013062055057064838,0.03745162497196204,0.011229649375250549,0.8597153607293057
Slc25a38,0.0055815065120748365,0.04899322192634681,0.005176023114252681,0.9273523381286134
Gm9797,-0.017602246497893867,0.025074642655995353,0.01589184409351041,0.9028304481142161
Tpt1-ps2,0.0338667280378991,0.05155918459911233,0.027840646646494254,0.8220648482882296
Rpl6l,0.013215537529082928,0.056325872081219204,0.011310465766955062,0.855846063171063
Rps8-ps4,0.019332188528141715,0.07601617810805318,0.015157241131954807,0.784041657254197
Rpl31-ps6,-0.0027430335939829507,0.024196253507822993,0.0024126979995287724,0.8795728950681485
Srsf2,-0.011517590450148234,0.01895751875616472,0.010694062950633222,0.928498282424653
ERCC-00131,0.01627667049562162,0.004930422095605254,0.013847978213261605,0.8507869110569434
Atp5g2,-0.017928141676041915,0.027844020781540555,0.016678901599429276,0.930319600369845
Pklr,0.008633214491404225,0.04078694919751579,0.008058265761570621,0.9334027052836392
Gm4602,0.03515752818247305,0.06517141486695886,0.031979923243820645,0.9096180788888188
Tceal8,0.04117850410192946,0.07061173934619933,0.03808516008806808,0.9248796409358532
Gm14296,-0.0006846108940558113,0.03769811745651779,0.0005665202658535755,0.8275069397411479
Rpl28-ps1,0.02737442904132339,0.05073420407339594,0.024861042818338175,0.9081848896577494
Gm15708,0.02445890969865687,0.07110551810459996,0.01939438609879778,0.7929374750446377
Tmppe,-0.035669706464003866,0.020046142290952296,0.032398686876045364,0.9082969860921212
Gm15497,0.028006015404011854,0.05529281217901543,0.024046460344748284,0.8586176933011197
Rpl35,0.04023912418190572,0.06151585756795354,0.03537878394538155,0.8792135680052967
Rps4x-ps,0.020501750626973344,0.06640652359220268,0.01520404755055258,0.7415975263375418
Snord72,0.040654125254657766,0.07075729661860068,0.034278500808816684,0.8431739852744558
Wdr86,0.02778653309937851,0.06085707076286293,0.024528642819743623,0.8827529052299168
Rps18-ps3,0.047317395250653746,0.09059955884289043,0.03684924282037497,0.7787673565963217
H2afz,-0.003814638315137734,0.03569150545456874,0.003261816405124405,0.8550788136795169
Snora68,0.015636772952670772,0.038544278427732434,0.012587364455104293,0.8049847940622789
Gm43313,0.018263223342959493,0.053803233775279444,0.015970407156039704,0.8744572004698352
Rpl31-ps9,0.020466073086952856,0.05768251776845762,0.01538038499765808,0.7515064043948466
Rps15a-ps2,0.02342516160532524,0.06253712788022477,0.019397776463283063,0.8280743924034816
Rpl38-ps1,0.05043364787933965,0.07711851097361143,0.04586051697422547,0.9093238126249523
Gm11258,0.012020731076550172,0.049350857632144314,0.010469719095119375,0.8709719091498117
Gm9791,0.04496148628413278,0.07436648918137607,0.035973354228700946,0.8000926393173126
Rpsa-ps1,0.0482356607177976,0.07632900954839122,0.044047389103438334,0.9131706386512933
Capn5,0.0845886373777005,0.09849542760331714,0.07769091042231682,0.9184556322312614
Mir3082,0.03258200029506329,0.075173509924389,0.02498130823989277,0.766721134787966
Rpia,0.016250730334883,0.06630626565598984,0.013360363117071308,0.8221392418525723
Ddx49,0.012184364017294213,0.045257529312071956,0.011357579563530472,0.932143815418661
Rpl22-ps1,0.02258411667014745,0.04770926102609733,0.020810961502521392,0.9214866273707362
Rpl9-ps8,0.03022165280469985,0.07861537657217935,0.02272476553806623,0.7519365563796114
Rps10,0.02812448713936011,0.06682510427070745,0.024736524558423147,0.8795369115835174
Rpl37,0.03176795543000573,0.07192101692225718,0.025306795814862275,0.7966139297387483
Hmga1-rs1,0.03096232455914002,0.060150957644179326,0.027693095239494016,0.8944126655154213
AL603745.3,0.03184330580952363,0.057290946459492065,0.028847165122870794,0.9059098730334475
Gnaq,0.05279400740442424,0.08815258236836276,0.03840414482016381,0.7274337885732363
Snord22,0.03366128051091079,0.08129151681917211,0.025058904272234613,0.7444429888551671
Gm10033,0.022923569514952856,0.04715113549731181,0.02074583608014549,0.9050002473049912
Marcks,-0.05213092590775315,-0.002902939847682867,0.04873512957038127,0.9348602335707442
Mir675,0.03352170100695621,0.05743182014325108,0.028980139072746977,0.8645187506067549
Hnmt,-0.009964723204854779,0.030615800695543743,0.009261901466386896,0.9294690154438539
Rps4l-ps,0.03261177703105545,0.06773306531362504,0.026046638418355996,0.7986881056359602
Mir7060,0.020488436632706743,0.05169332470312802,0.018550985087564933,0.905436828593893
Pcbp1,-0.009962770407510209,0.031177005796248082,0.009222709395566443,0.9257173475175251
Gm14585,0.017147882798076972,0.03845324677633537,0.015133401613097423,0.8825230374676073
AC124739.5,0.022106455975799622,0.04888719938029829,0.019662269677014624,0.889435633578684
Gm13392,0.030894889231282013,0.061523782987008516,0.02662487024136736,0.8617888234539735
Rpl28-ps3,0.025833285911645593,0.0578780360549051,0.023824563639066324,0.9222428660663048
Gm15425,0.022728911160952592,0.04478637823415232,0.020555002808420462,0.904354927645332
Gm10069,0.03601187087912035,0.06378316630694528,0.032819474826293056,0.9113515633902197
Nmu,-0.05392517701399966,-0.00021173931893324606,0.04983139506104941,0.9240840331059562
Rpl24,0.02944435792907856,0.06150758991558762,0.02201070932386685,0.7475357206593928
Hspa4l,0.06033757382788045,0.0999087064859572,0.05607894659041763,0.9294199788408626
Rpl37rt,0.04837527113150007,0.06744403366593581,0.04417718767436981,0.9132183994231583
Aknad1,0.030509164569781366,0.059317825805120176,0.02818627187138101,0.9238624612913483
Ramp3,-0.02765727406015398,0.007510953238741078,0.02597166850370669,0.9390538072269474
Rps15-ps2,0.018445671131782145,0.06381637407629305,0.014629172850907696,0.7930951791556898
Cox20-ps,0.004608304407656448,0.04552196130607017,0.00427836217011267,0.928402681690125
Tub,-0.05516131809200003,0.025497898859333044,0.051080088342478,0.9260128312612979
Socs7,-0.016612120888342036,0.03852007974050721,0.015469015942175528,0.9311885006225358
Peg13,0.09568276933757607,0.11892155601611712,0.08724945773072953,0.9118617524844712
Rps13-ps1,-0.009681404187499087,0.020609511589571337,0.008830408302028256,0.9120999527558552
Gm7329,0.025990136418669423,0.042796527150892785,0.02360347602031365,0.9081705320853425
Mir7026,0.0007868605577090665,0.04339502725034969,0.000706779388217698,0.8982269873527227
Rpl36al,0.012582023918346797,0.045040263539646776,0.011454027353261422,0.9103485597861121
Rps2-ps9,0.01938746410926938,0.06491742032515842,0.01457481367258269,0.7517648306368391
Gm10075,0.008725944626330485,0.05353995560327588,0.006552449861585464,0.750915819682546
Gm8291,0.00914123484431907,0.04933914287562874,0.006986821795413312,0.7643192538429704
Nabp2,0.009846834139274785,0.03873130400823883,0.009083192092957621,0.9224479629172055
Gm4613,-0.029894006223379448,0.010162468527032023,0.02772011876036369,0.9272801562034998
Rpl9-ps4,0.019469306975645168,0.041416476605912994,0.017775506794681706,0.9130015165366545
Acta2,-0.018234022410308862,0.0564520979604321,0.012570297923742873,0.6893869954133696
Rps12-ps3,0.021053620337560634,0.04089714830476341,0.019460277324832825,0.9243197612961029
Eif3e,-0.0007007111117212949,0.03204306511046793,0.0006505183160445095,0.9283687744675735
Mier3,0.04430487027626923,0.05624636095394621,0.04145499733439095,0.9356758540515411
Slc25a29,0.007333352652476294,0.04092241935589019,0.006806864267805521,0.9282063184984032
Nans,0.016302622605155054,0.04266247894661447,0.015226160105083177,0.9339699797913811
Fth-ps3,0.014606667709034614,0.04350996077076463,0.013515329010635783,0.9252848959024509
Cdk3-ps,-0.013331430603193849,0.03128197924286457,0.012468732271331677,0.9352883904555981
Hist1h2an,-0.03501583833964631,-0.010193461650154499,0.026892624614141155,0.7680131588822269
AC117232.3,0.0197157909578098,0.0650481747764436,0.01423229112651415,0.721872693668243
Gm10284,0.0023125425567874264,0.03320096109531884,0.002145087703681964,0.927588423134539
Atp5d,0.0016641458739851149,0.04447520531277776,0.001543133400421417,0.9272825324657926
Rps23-ps1,0.006321520395367428,0.026207972188953176,0.00585554501787803,0.9262874516973992
Caln1,0.05209039946626527,0.1073174374171068,0.04839733828314645,0.9291028438837272
Spag9,0.10693023044567194,0.1394224275690386,0.09443871859789715,0.8831807263884898
Gm5801,0.03499594111908769,0.054865773058725247,0.032163622534067994,0.9190672262425635
Eloa,0.0034886688473798576,0.043561619632869836,0.0032433827047464326,0.929690620301309
Tpst2,0.009741252736129923,0.014271199313200292,0.009016373779785057,0.9255866800728495
Gm45640,0.025096458374510258,0.0621330680298132,0.02305516874421103,0.9186622431007035
Cox7a2l,-0.010183996138147597,0.03131266703251721,0.009422133131645699,0.9251901713073042
Selplg,0.012349054539351773,0.045346111139631454,0.011502812464874015,0.9314731284260586
Gm26910,0.09043923810022847,0.12906370266921316,0.06150608644647768,0.6800818730727709
Itih5l-ps,0.1498050364872364,0.13526357146933124,0.1266392678051766,0.8453605484483591
Rps25-ps1,0.026968240503742462,0.06644969602992734,0.019973217231912546,0.7406199610664553
Atp5e,0.005249797035342443,0.04018280211105187,0.004871882890525271,0.928013570377484
Eif3d,-0.0022552670519968817,0.027651248362928826,0.0020832250695153568,0.923715472041684
Uqcrfs1,0.003028353857766286,0.03823219669146449,0.002805309168805928,0.9263478776139867
Snora19,0.008370615322512528,0.03595192350941373,0.007755163207458458,0.9264746865862024
Txn-ps1,-0.0005335926635188595,0.03422935248970651,0.0004977635226689887,0.9328530107337123
Sox8,0.14060179751012977,0.11056223057581532,0.1205699870053316,0.8575280625174443
Serping1,0.09630639457139759,0.13263205401875708,0.08949010717811338,0.9292228992309448
Rpl34-ps2,0.04616942729366779,0.05413733542299794,0.04297516067682166,0.9308142464811507
Rpl29-ps5,0.026694647560800384,0.05353623424961919,0.024839090681884387,0.9304895532076333
Ccser2,-0.0007006781582337369,0.02838691627903705,0.0006491270277757642,0.9264268054424268
Gm13432,0.023796060766023513,0.062081939010248124,0.022221241858842302,0.9338201846656162
Scd1,0.024013626040193258,0.06351725560373352,0.02221591697316802,0.9251379585899986
Atpaf2,-0.036271717047017024,0.0186280841041737,0.033383584428153534,0.920375078601331
Gm10053,0.01799751925826443,0.04735072042605668,0.016662271133130315,0.925809323719936
P4ha3,0.08194455614438828,0.10575035280533565,0.07560607932467857,0.9226492018757029
Gm15770,0.024124934317308187,0.042223939616216156,0.02235578451621505,0.9266671661019247
Eif3g,0.005120154135198803,0.03517685284716756,0.004714183376496487,0.9207112231423962
Ythdf3,0.015384710079695081,0.050538219521977616,0.014226155147178303,0.9246943929059896
Rps23-ps2,0.029743465932007367,0.06576205520338331,0.021023173772557902,0.7068165431902328
Gm5239,0.013755810160914447,0.03737999425974714,0.012839330760409882,0.9333751055166031
Sfn,-0.02467297916376687,0.020928708866999126,0.022970293509620248,0.930989863735342
Cox6b1,-0.01962257056876367,0.024192706950843006,0.01825300913266889,0.9302047898721829
Ywhah,0.0038631085555162837,0.036517289687296194,0.00356896914443323,0.923859397980665
Gm5228,0.021666848788393308,0.036723009851578864,0.020100446847274772,0.9277051334775716
Sestd1,-0.005362535089422118,0.030662743347301034,0.005007116912646971,0.9337219858055142
Hnrnpab,-0.0048180515321157,0.032398272335877235,0.004510026625259607,0.936068573612613
Rpl3-ps2,0.02428642216004198,0.04403495281848566,0.022625588287548428,0.9316147161756048
Gm12618,-0.008792632839383353,0.02395306103424528,0.008205787602071786,0.9332571656258624
Rps25,-0.0023458494102151094,0.020864584046259314,0.00218534994262169,0.9315815129076414
Ei24,0.036803462492255204,0.08090619993219646,0.03372045385381322,0.916230473176518
Ttc28,0.018694834271786653,0.06202689864219441,0.016996028023795667,0.9091296438741507
Gm5832,0.0026679297146676778,0.013355525378834948,0.0024832104047484214,0.9307630523758886
Gm11476,0.014403192509829684,0.04081616616707971,0.013415045406876384,0.9313938835241615
Hinfp,0.005386753054769775,0.05154294499127488,0.004958331842864625,0.9204676346680124
Srrt,-0.01854520359192327,0.01897886250280684,0.01706697344335723,0.9202904329823677
Snrpd3,-0.010243192988958805,0.021689321208170072,0.009517917660660022,0.9291944094892518
Rpl36a-ps1,0.033619160873539874,0.04796247454638069,0.0312501455201525,0.9295337750308955
Tcf3,-0.0021253595602178355,0.06191379252400356,0.001920816385526807,0.9037606725376556
Calm1,0.006149860195692049,0.03695778856997161,0.0056732809456497245,0.9225056773849646
H19,-0.0005226507888741217,0.033764121757823125,0.00046806134609216527,0.8955527401009931
Rpl17-ps1,0.056532438904656916,0.056058699703341645,0.0522990440833382,0.9251156521221662
mt-Atp8,0.019515477003850742,0.04798752475645325,0.013955897106852178,0.7151194461758961
Rpl36a,0.02183458532712734,0.04151704764828431,0.020278469795620105,0.9287316196669917
Cdc40,0.016260682586392104,0.055073366285361844,0.01500582168222588,0.9228285222653344
Rpl5-ps2,0.014249618683379473,0.04023824110696341,0.013294707871814127,0.9329869217708163
Hnrnpf,-0.014320796796717591,0.03002634200634436,0.013344414943996671,0.9318207033742206
Atp5j,0.0026616749000038346,0.03138020430602793,0.00245090802200919,0.9208141918480198
Sox30,0.025896763719782872,0.04305514062487573,0.023015575725358766,0.8887433184470409
Gm15531,0.0037583880174845443,0.03348517344782048,0.003512097990199926,0.9344692389027309
mt-Nd1,-0.002751385750283012,0.042223033017859374,0.0018945562517082726,0.6885825629915382
Gart,-0.04530063025786778,0.037590583410572476,0.04006406973978165,0.8844042458509361
Rpl10a,0.01684497491088397,0.036255616478556296,0.01573804985026446,0.934287520968387
Cox7a1,-0.0028191277601003597,0.021666911856986038,0.0025891758418622505,0.9184315370545949
Rbm38,0.030885601942149548,0.06019272616574135,0.028240389527170486,0.9143545131503769
Gm5946,0.01400184848937264,0.030117919809640736,0.0130597602589808,0.932716867268855
Hoxd12,-0.03489825470017211,-0.011016651096534168,0.029626324314004086,0.8489342681614956
Cnbd2,0.010718478278003736,0.03184699238589497,0.009820554785548783,0.9162265884050298
Gm43820,-0.030071651945979983,-0.015506320255229305,0.027435279278870493,0.9123303012469881
Hsp25-ps1,-0.003693427543869465,0.02608123808432642,0.003436897269005071,0.9305441160500914
Rps3a1,0.04534520844341989,0.06496337559830664,0.042208405608343026,0.9308239405495102
Gm6855,0.00379478565830215,0.016539902855175412,0.0035424170494030675,0.9334959516496127
Barx2,-0.05461571471178247,0.019063925270042466,0.049225968636907924,0.9013151049415491
Vcam1,0.054735910719302824,0.07926153971839922,0.04737842293338238,0.8655820705413823
mt-Th,0.01839078542884899,0.042771637380003474,0.01687074849240804,0.9173479054322214
Rpl30-ps9,0.026826216612946877,0.037167089392114286,0.024909007659480058,0.9285322644960103
Gm13453,0.02145793651080114,0.05696094208156048,0.015342981580279526,0.7150259565991552
Eid2b,0.020346342782475286,0.05075234264684783,0.019020556580406217,0.9348390904329502
Sfpq,0.04547795698366561,0.07369222724074458,0.04096517237185077,0.9007698473914362
Srsf12,-0.01629914561122626,0.020532768916470757,0.015080426079930655,0.9252280113102249
H2afx,-0.033520734426633315,0.013224814858385477,0.030641118127195558,0.9140944746977319
Nfia,0.01705807480518241,0.07987009385062786,0.01448143673975194,0.8489490698770027
Ran,-0.0037873538161095153,0.028676760145694473,0.0034778757521966913,0.9182864662402391
Snora73b,0.007483144431814557,0.03890265092629623,0.006861440372069276,0.9169194092924214
Pcbd2,0.017591276478644995,0.04974472129371564,0.01631705427941757,0.927565108718843
Gm15321,0.04752865994610373,0.07839361635812941,0.04357329112538127,0.9167792901123711
Col8a2,0.18202412560168524,0.13321909419187808,0.15095329784804443,0.8293037933793918
Trim27,-0.03265918445364769,0.017210869132668474,0.030023303780250837,0.9192912891888685
Mreg,-0.0025062653520198526,0.04103872937656839,0.002318474533527368,0.9250714540895919
Rpl19-ps9,0.02537277201750283,0.04409492142752631,0.023531527601179485,0.9274322720807484
Atp5l2-ps,-0.011482244521307179,0.02392514664426318,0.01050265601849689,0.9146866711475703
Arf3,0.04948348921158606,0.08012838197084347,0.04550009283430228,0.919500495200506
2010015M23Rik,-0.0009453739045589267,0.027606672796802494,0.0008572172962576447,0.9067494798871011
Atp5g3,0.002625938029374404,0.0355338490528547,0.0024194634312343496,0.9213711078363702
Snord7,-0.005397411400076687,0.019877686376331874,0.005028209429617109,0.9315964741071374
Degs1,0.033541386833200966,0.05400710197662722,0.03016097920685023,0.899216820009224
Atp5h,0.0009055279651125161,0.021748656505646953,0.0008340140532054468,0.9210251757402287
mt-Co2,-0.009781888065042448,-0.007643710625254455,0.008869305688504713,0.9067069291255712
Cnn2,-0.004569210423349209,0.044127262864855854,0.004199546995253557,0.9190968692957042
Gm10177,-0.004591083431446734,0.02137715963452031,0.004268151892445857,0.9296611477829068
Rps15a-ps8,0.019810472896216718,0.041358447419545884,0.018442709878153333,0.9309575785884147
Rpl21-ps10,0.012278697970081109,0.039305349401823834,0.011466964606391518,0.9338909251072467
Ss18l2,0.0009952587197626355,0.031076519560648108,0.0009009166774843104,0.9052085247735129
Csmd3,0.006714486056831354,0.03549150290500172,0.006139707762768429,0.914397276396435
Anp32a,0.0015021746086252205,0.03235170008215455,0.001393172514218512,0.9274371342846313
Mafk,0.031502420539070895,0.06901658380295236,0.029032993551717224,0.9216115160328406
Hspd1-ps4,0.010971158715715426,0.03866946101927569,0.01013841836692983,0.9240973200403387
AC151730.2,0.02035641486333548,0.04612309081689796,0.01897150128307373,0.9319667245161053
Gm8523,-0.013285300063287687,0.012667674907902491,0.012294427831579701,0.9254158937330936
Rpl37a,0.021652577706624765,0.04254168374197043,0.020088072151614955,0.9277450668364932
Gm16210,0.015623790666135123,0.039519846833837566,0.014560178611845848,0.9319235595882198
Cct4,-0.006239366744880446,0.025070207895370646,0.005655351523944721,0.9063983181602646
Psma8,0.011547256019792885,0.036872139298203266,0.01050201945376202,0.9094818228469822
Gdi1,0.005557385653618104,0.03832709545931125,0.00503590198086392,0.9061638501883211
Eif4a-ps4,-0.005148893025959357,0.035627715201009914,0.004774039471310286,0.9271972533204402
H2afj,-0.027382408308972025,0.01446638773071534,0.025185031172895146,0.9197522324814325
Atxn7l3,0.029472844458867525,0.06776154952831519,0.0268109554597756,0.9096833356954442
Gm5904,0.00743958425345435,0.034609684787385075,0.0069056572731233294,0.9282316105119574
Fkbp2,-0.008703985271873809,0.022812406656943847,0.00784474885618379,0.9012824138769433
Ube2ql1,0.0013886496661710758,0.04511600604579232,0.0012624612841856974,0.9091287132676755
Rpl14,0.034351403007498574,0.06206908679519969,0.03210129820756594,0.9344974410669206
Snrpf,-0.016334459657718188,0.0222747405169561,0.015195265781304309,0.9302582454341795
Cct5,-0.0010645050742981782,0.029521388956435114,0.0009657292199316331,0.9072095974444581
Ptp4a1,0.014107913699194069,0.0461004062129138,0.012742952531264338,0.9032485456720858
Gm9836,0.015250740042636596,0.03029542458174711,0.014058466046366357,0.9218218923844358
Hnrnpd,-0.01719587672297512,0.031993405109505366,0.015451246902022625,0.8985437120154784
Bex2,0.007308758582664784,0.03521256714536503,0.006601634496866933,0.9032497683703719
Ppia,0.062475151269457775,0.08478167304981854,0.057032162037926354,0.9128775341726569
Cox6a1,0.0026453628200165708,0.025874446789052815,0.002405515002453711,0.9093327328304412
Nars2,-0.03175051414126145,0.011768722450434702,0.028503762568207126,0.8977417638464318
Myl1,0.01855137705697871,0.050061174286694037,0.016973741246721595,0.9149585604663436
Psma6,0.006032790096343057,0.03927168512972263,0.005424206936732048,0.8991207799555435
Id2,-0.007421328896900634,0.02454336209934883,0.006622988648230059,0.892426240669109
Oat,1.238725101778674e-05,0.035176341742537504,1.1512170879054392e-05,0.9293563892847713
Rps11,0.009777925320283312,0.03119198435952295,0.00910631025524674,0.9313131320768656
Nucb2,-0.026528674718283744,0.022092095136666042,0.023736691051893636,0.89475600662155
Pag1,-0.01520997464591046,0.012265233559940573,0.013768190959666731,0.9052080151473898
Gm9484,0.01233928600063739,0.03719477703189562,0.011439464600703428,0.9270767044472847
Hnrnpc,-0.012979879809373353,0.017861496337352536,0.0119589459334677,0.9213448898680563
Gnaz,0.010122021745578502,0.04017102475728876,0.009303790117586074,0.9191632216805059
Gnai1,0.02887913619998712,0.07069687075236122,0.025940587308579538,0.8982466486858117
Aldh9a1,0.0659717730112115,0.06900411699310016,0.05861361665443473,0.8884650810350921
Sec61a2,0.04763366997481769,0.08375507460504603,0.04307360783985944,0.9042680915123903
Ccnc,0.06259236092426199,0.06370123920141274,0.05464969443340645,0.8731048585870355
Gm37874,-0.048190108430112025,-0.009679036826881275,0.04350472062839271,0.9027728313059448
Eif3j2,0.008202727623605334,0.03389823187355702,0.007361515800623927,0.8974473051426679
Rps24-ps2,0.02918977647487066,0.03875435595352986,0.026684149155938166,0.9141607911561235
Rpl11,-0.002722264742089835,0.01986446449154298,0.0025171425278269267,0.9246501594457562
Gpc2,0.06248023764537302,0.10141141928344075,0.05466970726314149,0.8749919866412362
Gm7432,-0.003318564825562521,0.01993215895598938,0.003076058630867768,0.926924376216262
Gm9687,0.008723012770969981,0.030193774244807837,0.00803762331331124,0.921427438471751
Gm19967,0.021432969924763855,0.040435552036141215,0.019728242964245923,0.9204624013143287
Paip1,0.008546767253601508,0.02329049221834786,0.007647838224529362,0.8948223342933145
Atp5b,-0.0021812008353523397,0.02743766254873842,0.0019626899454917314,0.8998208297378948
Gm10434,-0.009485333595142463,0.011057937424746003,0.008720793655945924,0.919397675207958
Ssr2,0.037658169252324715,0.0633009597205797,0.03360319779190578,0.8923215987147699
Ubb,0.02018520297413236,0.07397881026462175,0.018439019545071537,0.913491906358406
Snord45c,0.04396579924459942,0.05522685785685827,0.04004800867854678,0.9108900410463052
Rps29,0.03816473157437579,0.06468122656000846,0.03520456307426567,0.9224370674704913
Tpm3-rs7,-0.03111635371917205,0.028986562739257142,0.028085167356340725,0.9025854253300993
Wwp1,0.17039313019070648,0.13514744555271035,0.1362041834427501,0.799352551891666
Cox5b,0.015530591993571225,0.046157177494515436,0.014001700588758844,0.9015561412311099
Eif2s1,-0.005870341590857766,0.03468225326128064,0.005286303265642279,0.9005103338236663
Srsf6,-0.015493507665892711,0.026261243208438537,0.013942874660499949,0.8999172402511335
Hmgb1l,-0.03202930267687684,0.007643983392297827,0.02807000000312451,0.8763849867824096
Csdc2,0.0012710351533650275,0.04338389583503816,0.0011540274698521244,0.9079429996856273
Uba5,0.005276999117566903,0.02590701788012314,0.004836668578937318,0.9165566397076429
Prdm9,0.0036036038614559013,0.02617143745724458,0.0033153106240372816,0.9199986323407519
Ywhaq-ps3,0.0006671000110570317,0.025192481764980925,0.0006110277535048481,0.9159462500033
Sfrp1,0.009355465708437843,0.017910914156229512,0.0073868942565835415,0.7895806031249929
Pfdn4,-0.0009717222473314076,0.03650456083963751,0.000866917219163742,0.8921450769955237
AC126672.2,0.014939060408318527,0.028497208326696038,0.013677280505937351,0.9155382020091051
Gm15455,-0.00956805208828814,0.019331979561861935,0.00878718477423669,0.9183880577942007
Rpl10-ps2,0.005619834436061493,0.03176352028170059,0.005176165265013579,0.9210529818812869
Rps16,0.020962108649068164,0.03462690976509048,0.019204198893264652,0.9161386964816798
Eif4g3,0.002591262521429161,0.03895594393768338,0.0023411750937516835,0.903488193261273
Atp5j2,-0.011897494466526437,0.023514775877646776,0.010559935205537588,0.8875763914198853
Rps3a2,0.01925408551621634,0.02993197804254074,0.01757867545551373,0.9129841789010684
Ddx39b,0.020929948840441765,0.04840279819555199,0.018718871208721274,0.8943581922451644
Eif5,0.008372507779164024,0.035767613968770505,0.007526905604816405,0.8990025215083107
Rabl6,0.018306201371034538,0.04553522154358539,0.01662923733606457,0.9083936639294601
Id1,0.0028841313601240546,0.045526145671959985,0.002486486006512257,0.8621264762383452
Rps27a-ps2,-0.0007689029455801849,0.02330408943569386,0.0006980963090352904,0.9079121273342676
Tonsl,0.006029548697427084,0.03926142467545082,0.005248794001343165,0.8705119180118605
Stk40,-0.051752426131224404,-0.00453807585144778,0.04690379183130719,0.9063109758830836
Gm7353,0.028924288887312494,0.04587356786855665,0.02649307910638486,0.915945737148474
Rpl18-ps2,0.03277896348632476,0.06049028980743906,0.02991355841436411,0.9125840244107754
Cbx4,-0.007187943717138362,0.0363441067182707,0.006399981521975261,0.8903772447070855
Hnrnpll,-0.022898853571803726,0.01018263489012425,0.020637211871788543,0.9012334092218471
Ppp1r9b,-0.010424384877813449,0.026412453491344755,0.009197221012419224,0.8822794937276311
Zfp369,0.010384178004408233,0.038208716064404534,0.009022233445779966,0.8688442592133819
Cant1,0.03340347111281366,0.0644405261876904,0.02978033000016748,0.8915339935658264
Ppox,-0.012257400071522847,0.025891058760982605,0.010928289721646998,0.8915666991270261
Fkbp3,-0.01154213718232251,0.023973188871814693,0.010150355117985418,0.8794173000760473
Itm2a,0.002033638592982907,0.030540817683828932,0.0017401550595673592,0.8556855016283542
Gm11517,0.014197042622340913,0.03760835743765824,0.013130318868410982,0.9248629603850522
Tpi-rs11,0.06894560549368293,0.08671890014725529,0.06072801390436596,0.880810509524499
Twf2,-0.10501162167560328,-0.000631640995367228,0.08729193270979291,0.8312597340840125
Ptms,0.01435697810584485,0.07229896667831931,0.01175582323837944,0.8188229550613818
Tpk1,-0.015661997518031382,0.03776372414236908,0.013185827813168285,0.8418994957691491
Psenen,-0.02651553133092291,0.021031405739879314,0.023262976201846145,0.8773339636877813
Ddx11,0.019324129938072157,0.055134777395843285,0.017348192184249253,0.8977476471046731
Gm10134,0.025038759603971793,0.026106499644920067,0.022547507991634064,0.9005041922307304
Rpl21-ps7,0.018938833105465545,0.03828050329772437,0.017454610834934846,0.9216307434430916
Ube2d2a,0.0017907010818329471,0.020953100618216633,0.0015896161187702242,0.8877060135257784
Gm5605,-0.017230846736962326,0.0015117107401876064,0.0156340707812968,0.9073303836984262
AK157302,0.0010907651226986779,0.029122825454661782,0.0009958056528981906,0.9129423302740496
Pggt1b,0.07597396974934731,0.07016018170319265,0.0677035885442413,0.8911419104149543
Rpl7a-ps5,-0.01964695528496842,0.016318359550109497,0.017815544487674268,0.9067839891356939
Ndufa13,-0.0019726403987962676,0.03493763924542411,0.001729181704855069,0.8765823238286307
Rpl17-ps10,0.0007382937948389254,0.021185781254932586,0.0006713609366465579,0.909341161120052
Gm43655,0.034066599783061424,0.049690588067484054,0.031024883775936457,0.910712662065048
Snrpc,-0.013425423251752406,0.024300125222898903,0.011863652075374924,0.8836706190120579
Mir615,0.0997178903456976,0.11141696913689292,0.08506060602813,0.8530124908704508
Cdk20,0.004331717925296923,0.03196859276312498,0.003939119776520698,0.9093666403152708
Srsf5,0.0001429413192070924,0.027509717377789546,0.00012665335691320516,0.8860514063796393
Gm4202,0.019067295053138603,0.038630778750043934,0.017307938344949588,0.9077290877764325
Cox7c,0.010057331317159352,0.034894858178049326,0.009047857245504613,0.8996280385103331
Cbwd1,0.0011752955038887153,0.03833875506115631,0.001048887714335278,0.892445951562658
Pdia5,0.053192924839221035,0.08587275287869363,0.04685584177612935,0.8808660534789934
Gm42417,0.07052478827670426,0.10391191120630736,0.04809647005520767,0.6819796447527214
Psmb3,0.003331530602058673,0.041010354072289354,0.002909342702909544,0.8732750949703887
Dlgap5,0.096402816053109,0.16114061650581485,0.07252861580786282,0.7523495555140868
Ldha-ps2,0.02965036316382524,0.031516448956500194,0.025646326109429587,0.864958245797112
Psmb5,-0.0047384115154841845,0.03007060570240669,0.004160452466033413,0.8780268350348811
Vcl,0.004131662061852004,0.039977529444645624,0.003717217481708729,0.899690590871437
Gm12025,-0.003925117207937052,0.007118674467566111,0.003531874797642927,0.8998138426289686
Hmgb1,-0.04061720645383192,0.006817388388458817,0.03706185562368187,0.9124668794199009
Nmd3,-0.004605206415209941,0.037326453198666946,0.004034217685003193,0.8760123480413596
Hddc3,0.002166950172865282,0.02204391541710569,0.0019096299808340194,0.8812523724571769
2700049A03Rik,0.008499513009096812,0.041338032370869575,0.007581844764535006,0.8920328442841785
Rpl18,0.013460463154225184,0.024641620256266393,0.01213416149911376,0.901466863367543
Matn4,0.00690667163254716,0.039591830580630205,0.005963415706202447,0.8634282941873634
Tomm6,0.00877517842437034,0.026521784742384782,0.007750343391861762,0.8832120575847874
Wnt4,-0.02793028821332428,0.0013900904885392061,0.02319757532966787,0.8305526657115323
Cct3,-0.0054159064192958704,0.013747879062456598,0.004789039359746751,0.8842544514218879
Ptn,0.0068478119512954995,0.037767557400043214,0.005979779953342687,0.8732395100615177
Gm41231,0.05060505314660083,0.049617622482105404,0.045061719672087615,0.8904588943231736
Igfbp4,0.1142238104045936,0.10814880567105514,0.08622943262256728,0.7549164427025584
Capns1,-0.006517476159381904,0.03477733084381608,0.005776373473720748,0.8862899276441021
Tbc1d9b,-0.009811065890626539,0.02962449330817928,0.00882180222917239,0.8991685844858827
Ptges2,-0.00414822624799158,0.019859470113142826,0.003737634363895099,0.9010198915029587
Tmod4,-0.024930386176574768,0.017425285623249846,0.021864942852689966,0.8770398780759694
Gm13216,0.021229525194646767,0.027160743903421148,0.01891820275528283,0.8911269838504557
Ube2e2,0.006458841407192035,0.019241847947394045,0.0054742898275788165,0.8475652957638962
Gm6382,-0.0004093563856802931,0.013898622015032258,0.000371945720128092,0.9086110126509208
Gm13488,0.015013735642250088,0.03204432570336071,0.013577978933274507,0.9043704549495847
Top2a,0.01991724384115551,0.03940029447268239,0.017291863200635426,0.8681855450755092
Rbak,0.0021252315109268464,0.026430735120826533,0.0018905824554280549,0.8895889439374737
Cct7,-0.018565335521061686,0.01571760137824038,0.01644721697296523,0.885910031321894
Nckipsd,0.029674481371133953,0.049562579625634595,0.025451956291301737,0.8577051768143216
Slc25a47,-0.011351477814112367,0.014114654026098497,0.009993661047914252,0.8803841413044871
Tma16,-0.0008234669024609708,0.03610656173023792,0.0007336689064496923,0.8909512990225681
Nomo1,-0.008655513630660153,0.01569677366362289,0.007827688448765396,0.9043586299763451
Uap1l1,0.002225743276682803,0.04577993562393893,0.0019294844592900042,0.866894434548473
Hspa5,0.02499953958518592,0.06015199347817254,0.022599054276253867,0.9039788192597547
Eif3b,0.008931021250416425,0.03370366129796788,0.007730235970204448,0.865548939304563
Chd3os,0.00970724358343675,0.05909196842377965,0.008356827756756018,0.8608857586529594
Sept6,0.018681191267528707,0.04612112348601606,0.016313234659801196,0.87324381117796
Rps27-ps1,0.00727636871539213,0.017020378110249333,0.006440270390733609,0.885094013599136
Tarbp2,-0.007517226185673748,0.02386233470798716,0.0066258273542845955,0.8814191818402416
Eed,0.031031227065230278,0.07221371513744211,0.019149311885759142,0.6170981200809642
Polr2l,-0.020489548058060032,0.01682271381928026,0.017636276811335703,0.8607450374874457
Maged1,0.07179855128567933,0.09395924134567372,0.06095488081709814,0.8489709015794024
Gm10146,0.010950035649960332,0.018954538337098713,0.009724108285785722,0.8880435275862274
Sf3a3,0.008134178144577179,0.04418847000910292,0.007118135060236628,0.8750896444261037
Gm8449,0.022243748455681035,0.03926353070032319,0.01984367087223153,0.8921010283751646
Gm27494,0.02356640132746184,0.033401254497127594,0.02118496507762076,0.8989478191111853
Eif3h,0.00624548158665158,0.03428315337718185,0.0054510289153918805,0.8727956106767367
Cpd,0.1586881701125718,0.1243396002079584,0.12079568918755564,0.7612142045740674
Gab3,0.04326855927040398,0.06620030575260931,0.0374701863587746,0.8659910796799858
Pfn4,0.04674439015233787,0.05870391084669502,0.04177821847880139,0.8937589803321437
Pcmtd2,-0.029569571918695504,-0.002290403108734741,0.02513499328182319,0.8500289876003064
Gm13333,0.008104795700696246,0.00397974049495674,0.007147627024650768,0.8819009495867672
Soga3,0.03342560329344101,0.06947778648335057,0.028264251001552977,0.845586862065678
Dbf4,0.03164813989812457,0.04360344048541388,0.027475410842009565,0.868152470586043
Morf4l1,0.03338745524860324,0.05337612575055014,0.02966614046703978,0.8885415269341577
Crabp1,-0.0570295636919285,0.007399896378235847,0.04924708348549142,0.8635360381068715
Fbn1,0.018711219498145575,0.08333884461655335,0.015698193610593075,0.8389722333249785
Rps27l,-0.0013778808444101273,0.01211436598498348,0.0012183932669038707,0.8842515460220848
mt-Tn,0.0705902230692979,0.06910088316508264,0.058226468738911304,0.824851745853683
Snrpa1,-0.0059272026891176634,0.028045372471852747,0.005217855073829385,0.8803233747024308
mt-Nd3,-0.032672530572631,0.02161286669548363,0.02028444872072678,0.6208410663396419
Eif4h,0.002814334207925708,0.028044422123287453,0.0024373983312399356,0.866065701925433
Ush1c,0.0050477915981567405,0.029373335637534945,0.004478387884571544,0.8871974600153618
Krtap22-2,0.04919277268849842,0.062111839167429427,0.041768674385262806,0.8490815236163459
Atp5c1,0.00794371635714324,0.03291402407615797,0.006800481584716154,0.8560831327519576
B4galt5,0.02634247075847897,0.04452118314636831,0.023207388215002022,0.8809875287621666
Ssbp2,-0.02175173787004317,0.030279766082509093,0.018876961633326042,0.8678369400232469
Fsbp,-0.004395804625617773,0.026839950282339937,0.00386795948527047,0.8799207004626322
Gm7075,0.024751394196667918,0.03346446963372372,0.022106368647847586,0.8931363006138696
Arpc1b,0.03325210560350988,0.04327527557025565,0.028617652257507207,0.8606267704889795
Kpna6,-0.008626311622726427,0.03001087087983109,0.00749311496740979,0.8686348575292392
Rpl10-ps6,0.009385154122679058,0.026445660593316142,0.008356194291845271,0.8903630332135597
Prkag2,0.02618816505864932,0.05109809007028592,0.022609268602294664,0.8633391668206004
Glrx2,-0.002212501145180746,0.00798587376302754,0.0018837822881336427,0.8514265821904246
Gm7289,0.023211619812001934,0.04675331028147307,0.020469936166472698,0.8818831400938419
Ost4,0.03452460360561093,0.07031333404294288,0.029153694123422755,0.8444324070004587
Dcaf8,-0.021466616156837454,0.028811966105969377,0.0183431684242422,0.8544974340727481
Ndufa5,0.0028628070051651207,0.02044029452084424,0.0024279543389609335,0.8481026959136193
Msto1,-0.07560720407316163,-0.03281363778763835,0.054541814717898214,0.7213838335447585
Rps19-ps6,0.03951080933886315,0.048292688104263716,0.03487566558929771,0.8826866918920268
Dynll2,0.01168291379457121,0.03816602596433687,0.010087379515352109,0.8634301076534083
Rdm1,0.016990600022013982,0.038365372531141695,0.014219407096153068,0.8368984660771015
Gm6012,0.017995135760621107,0.03446331817718981,0.01608179783959513,0.8936747159633578
Gm12251,0.020954369633989778,0.03111556001066215,0.018524080972675272,0.8840199584256465
Rpsa-ps12,0.048360771434592255,0.05601345386379727,0.04280282257338178,0.8850731968010978
Rpl23a-ps5,0.011312983493247188,0.02538977448937303,0.009996457167668215,0.8836269560222714
Cct2,-0.0037132705626872135,0.02049517803220554,0.003217692490725775,0.8665386581464726
Psma1,0.005470531189734815,0.028556811705750276,0.0047604598642308656,0.8702006622617627
Ddah2,0.03299897829110937,0.0506385411760815,0.028516514507309906,0.8641635585121392
Hdhd5,0.06917067959563473,0.08104176106089717,0.058700106278767886,0.8486269995021469
Tra2a,-0.0055294089570353325,0.03436005089414571,0.004786961604047089,0.8657275381949111
Gm29041,0.004953614084230568,0.024639136891446464,0.004324822546847885,0.8730640847892471
Eif1ad,0.0038475461425356225,0.024178622661143824,0.0032542314676241584,0.8457940066391365
Tgfb3,0.07363117110982129,0.08447505530592789,0.056334465705289334,0.7650899049434672
Skiv2l2,0.020891412815868485,0.03991783891410991,0.017929861885697115,0.8582407539272852
Uqcr11,0.011416665321484802,0.030407762276884753,0.00990217165964542,0.867343605230392
Ccnh,0.014347929387600369,0.032005219031812276,0.012132108742703589,0.8455651275499225
Mir5114,0.03346279271314497,0.04966948451107764,0.029121498923040483,0.8702650484877454
Gm18194,0.008293207982172637,0.0218401795394508,0.007253534379223249,0.8746355324520613
Selenbp2,0.050227446579188206,0.07141211513109326,0.04287039012653571,0.8535251749050508
ERCC-00002,0.009754677298211901,-0.0007470748916628243,0.00702431775338415,0.7200973992929274
Kera,-0.012001022709387722,0.0265137991756406,0.010497895169945374,0.8747500462384312
Clstn3,0.005795627325129457,0.046253364735283777,0.004956325787956748,0.8551836600097538
Swap70,0.013974323949328545,0.03519366005848022,0.011751477867346058,0.8409335514159672
Pcyt2,0.00893054719966529,0.035322688996009155,0.007660052809458492,0.8577361093557162
Gpt2,-0.006822334771017538,0.025675198200839154,0.005740963128195151,0.8414953708492521
Cox4i2,-0.01164588395234719,0.012040131187916685,0.009980037845487852,0.8569583800014088
Mfap1b,0.007064279439739727,0.06412668386195658,0.006040881282589369,0.8551305669771093
Tpm2,0.03264870316043359,0.059330283493151614,0.028341761360697007,0.8680823008934673
Cct6a,0.014687985748035856,0.03461735782283787,0.012575981406523036,0.856208715221878
Tspan2,0.026232347293253057,0.05630767479879432,0.022055352669721893,0.840769315195614
Ddah1,-0.03389268133895596,0.0071371915531889315,0.028314688335915123,0.8354219028215528
Gm45231,0.0037740207995262823,0.04124458853999566,0.0031864127678721166,0.8443018565960414
Tmem165,0.03909892473320703,0.05626197444974844,0.03274841758505476,0.8375784707255969
Rpl28,0.007809334084872026,0.029181226141340885,0.006899745936482198,0.8835255172202389
Snrpd1,-0.0077181957001289095,0.03259641977298167,0.006699821955466924,0.8680554647448268
Psma5,-0.005780099857603762,0.02831566108025213,0.004859781338631092,0.8407780935199615
Sulf1,0.01999278898352591,0.06689966328716615,0.0165315500493084,0.8268756331560556
Atxn1,0.018901916206190077,0.041723323183095115,0.016010172255932667,0.8470131853980809
Zfp202,-0.0015820921091622025,0.013401603805333992,0.0013265646312271087,0.8384876098835936
Rpl17-ps9,0.016600604858622463,0.04386813726230185,0.014829794255353457,0.8933285492697434
Ndufa6,0.01853293394325341,0.04233036098813331,0.015917584642570582,0.8588809894487914
Sf3b1,-0.005311596125857097,0.02569068706687176,0.004507316436264907,0.8485804133945878
Gm8425,0.01279772034331638,0.015530315947420846,0.011183834060431967,0.8738926746647291
Gm43704,0.0114734185791655,0.017484871631668595,0.009963668887428515,0.8684132648591303
Tead1,-0.023314504034173466,0.00914272452476093,0.01989956996750128,0.853527483935892
Gm5560,0.018470340474264553,0.02730576666057878,0.015928495549540476,0.8623823459959643
Gm11805,0.03227750936628141,0.04865397423937547,0.02857659009911783,0.885340618287304
Cdh10,-0.01732658998096411,0.0703009686601575,0.014254987864037142,0.8227232178806339
H13,0.13234744783019545,0.12399381836902243,0.09890069448132176,0.7472807077338841
Col10a1,0.41331049166726436,0.17599465274587375,0.2990092574854423,0.7234494732501486
Smarcb1,0.005944741413857043,0.03257865051624599,0.005034442771436483,0.8468732987613765
Serbp1,0.007912527555696993,0.02549115116087859,0.00654131554842202,0.8267036673650882
Psmb6-ps2,-0.008178721996425269,0.008471734153974,0.007169587126522235,0.8766146018480512
Arpin,0.008792324061755412,0.03379377249424413,0.0073785773775242505,0.8392067132306196
Papd7,0.009062514843904242,0.042344231334055425,0.007696621036680165,0.8492809302107985
mt-Cytb,-0.015595810828308005,0.02897674023915548,0.009541718757214495,0.6118129324764117
Gm11965,-0.004505235959313865,0.014087401578457837,0.00395531846871246,0.8779381378539035
Gm10247,0.010499668127548127,0.02848430137580723,0.00924060046094083,0.8800850035151242
Pear1,0.0062767233798314654,0.033760774220497995,0.005519725555865164,0.8793960195221114
Rpl15,-0.004344919306193516,0.018331033967561857,0.0038544129801884267,0.8871080700380577
Rbbp6,0.008195719624399082,0.0413214864238161,0.006993661682638751,0.8533310073002325
Pdhx,0.05053669918576885,0.0824404498103323,0.04278896435173819,0.8466909204823488
Ubl4a,0.008744021138968664,0.031411157332748,0.007374904287652402,0.8434225135601918
Fmr1,0.016738813762459517,0.07469876334224589,0.013562804240269894,0.8102607767037515
Gtf2h5,0.0026869720400886166,0.029345244736200878,0.002224194504624689,0.8277698730915469
Gm11408,-0.05145636011796792,-0.03355493131023079,0.0409241505688971,0.7953176337205962
Gm20425,0.028081923067234744,0.044892464262592836,0.02472290548815655,0.8803850587071294
Smarcd3,-0.012528800848409629,0.014871254917822213,0.010562111146709869,0.8430265014588841
Gm13187,0.026884509425910207,0.022088462767876176,0.023348263247936502,0.8684652889903354
Gm6467,0.02684024181106124,0.042101749777649224,0.02325711354726276,0.8665016399993154
Hdac11,-0.005681735872612949,0.02881078823073304,0.004845338527599089,0.8527919347596823
H2afy3,-0.03563090961532871,-0.006322919867807933,0.03053359564094882,0.8569412336252291
Nedd4l,0.0026163358737481103,0.03321901781151311,0.0022317827933160815,0.8530184582604351
Eif2s3y,0.0243302646928691,0.05001017262204582,0.020582848471486156,0.8459771700518628
Rnu5g,0.0380866583875205,0.05111490224207843,0.03352902997231748,0.880335303537777
Tslp,-0.0010086141717765723,0.021565947529325644,0.0008340492786252187,0.8269259960487417
Bysl,0.0063088864999213045,0.03818720282105702,0.005372256903974375,0.8515380493913446
Xpnpep3,-0.001917127486178056,0.041798336864232684,0.0015817499468132306,0.8250624740489081
Dnaic2,-0.020223952768658474,0.020118343968315515,0.01719554676344894,0.850256473605757
Mdga2,-0.005630118474969387,0.017554052869813135,0.004656601561603779,0.8270876682802131
Gm8185,-0.00047324983481687694,0.026856286684791134,0.0004113018220011211,0.8691008252760902
Ssx2ip,0.01911170078316174,0.04707237488356745,0.015971171717409756,0.8356750609804999
Mir8091,0.01113707715259884,0.043476997506583494,0.009602013943340025,0.8621664204866708
Cd59b,0.03873217384738816,0.07735115596293664,0.03291986176404329,0.8499358154735532
Idh1,0.014482783110370254,0.03860551351646596,0.012192673819724524,0.8418736735064465
Sumf2,0.008787750880088385,0.028503940792012822,0.0075395697649755416,0.8579635299014884
Bambi-ps1,-0.009886676037382709,0.020450392478546076,0.008397286652814239,0.8493538800162047
Bcl9l,-0.007672268165369772,0.03031241872843991,0.006309386922035614,0.8223626685149277
Eif5al3-ps,0.018990243756158782,0.05346289791195884,0.015356026244786266,0.8086271267479707
Meaf6,-0.028867108165623795,-0.008283298087928971,0.02254458993625061,0.7809784688823692
Cltb,0.02580423248554814,0.0483590763462365,0.02143966692816331,0.8308585399767562
Psmc5,0.00028873757356048075,0.02882413623135889,0.00023865692024499277,0.8265530436585256
mt-Co3,-0.00980221462829242,0.03384626218005205,0.005762802773876768,0.5879082424132421
Gm6197,0.022082094271892744,0.035067369270306334,0.0190378593643308,0.8621401181392107
Csrp2,0.038616749195140083,0.04565741551066508,0.030843002384140644,0.798694945249877
Sh3bgr,0.013359922405071513,0.032552420490057264,0.010895404642760394,0.815529036203416
Ndufb4,-6.545021305890486e-05,0.033523133029602394,5.400388137206352e-05,0.8251139125163779
Tppp3,0.019588025933634685,0.04292538222455613,0.015760507844865063,0.8045990901922703
Chd2,0.006219025745223485,0.05362090635951752,0.005014443463617197,0.806306915109418
Gm22240,-0.00011452437077282416,0.01593755120435632,9.812167769729535e-05,0.85677552328084
Psma3,0.005309432614995275,0.0327213780411121,0.004458064352356805,0.8396498600935294
Rab29,0.0459747575312033,0.06244545866269292,0.03798947304795837,0.8263115476394784
G2e3,0.007435832218771794,0.034005096018761366,0.0063157179938268,0.8493626278821541
Ndufc1,-0.0032054633620224615,0.03032689852996874,0.0026533719033402067,0.8277654752747144
Asb3,0.0022830556924378384,0.018877925936280997,0.0017108559735956221,0.7493711078807616
Gm11222,-0.05327654972280749,-0.013617913452399722,0.0453734665730299,0.8516592536322917
Rbsn,0.001329264640919538,0.029046358490513534,0.0011396679442120224,0.857367230819922
Pbld2,0.008000576801798916,0.026502087594185143,0.006492476956692875,0.811501110174088
ERCC-00004,0.012983997442820193,0.004404790500785134,0.009196803807135978,0.7083183624794663
Lap3,0.0456264756825642,0.06946824128652247,0.037568483442688184,0.8233921836098483
Selenof,-0.024568489157187158,0.0036770324386495284,0.020292337627079365,0.8259497560981739
En1,0.007608682246686304,0.03907176547471487,0.006187787657648651,0.8132535249902868
Esco2,-0.0009894303368809042,0.017974559980145126,0.0008118303923999566,0.8205028309109499
Cfap97,0.007858300088124895,0.03511006178560887,0.006546349385738132,0.8330490452547972
Ndufa2,0.0005635763594518934,0.03744247531539534,0.0004674146261323534,0.8293723082830122
Eif4a3,0.013423967779193715,0.03109281797945647,0.011346640868252444,0.8452523914605193
Snx29,0.02011358127386022,0.05120647616527939,0.016583926028985785,0.8245138348653203
Brd2,0.012635032975862503,0.04965618290826932,0.010429777966988187,0.825465037322249
Cd79b,0.043116004228713,0.07160040939564963,0.035523222232318095,0.8238987556426087
Ndufv1,-0.003844608587181993,0.019387252451588968,0.003164375227468675,0.8230682410736868
Rps19-ps13,0.027009496997176995,0.03905129440010414,0.023000333929561405,0.851564689707675
Tpx2,-0.0022640941697115663,0.014998081772924962,0.0018287158887662902,0.8077031040626985
Mink1,-0.005892298425846694,0.030009492853202358,0.004855044468749758,0.8239644562897563
Hs6st2,0.0026163771899803544,0.03832197270378201,0.0021371000993236884,0.8168165154121892
Uqcc3,-0.0016596530417898314,0.020713832205941037,0.0013485868522070527,0.8125715545658185
Myl4,0.007185340927572863,0.04943923777488386,0.006013761158095066,0.8369486178474839
Mdh1,-0.01131651569302728,0.010848887920645076,0.009469895829032663,0.8368208100367482
Nipsnap3b,0.009884333713666055,0.05275662786309815,0.008169363587468254,0.8264961325793069
Snrpb,-0.010056705172255327,0.016089859115612597,0.008342199658406263,0.8295161800527789
Gm15418,0.008952160759664046,0.02990403460179449,0.007557409176567728,0.8441994485420009
Igf2bp1,0.01850345012837564,0.03569815666173148,0.01512967179183605,0.8176676072228394
Fkbp15,0.03843315841621959,0.04505637366049258,0.03185003945164968,0.8287125171114822
Eif3l,-0.007377765637660638,0.013846306783258657,0.00615968276789255,0.8348981345313754
Fam161b,0.050477495423726815,0.05859407293543637,0.04020619916040237,0.796517315744306
Gm42939,0.014744888184963932,0.03211262033763532,0.012598499940586023,0.8544317042317972
Atrnl1,0.027386623014687826,0.047768443594112385,0.021567402432109858,0.7875159496862012
H3f3a-ps1,-0.013606279693483502,0.005868656384111698,0.01134778964572757,0.8340111993407282
Tecpr2,0.013161454925325847,0.034339962902894906,0.010842607400601188,0.8238152591882049
Nfe2l3,-0.015098657192574567,0.04860000938210656,0.011536656206982947,0.7640849156212784
Zmat5,0.02634762692897181,0.0458409457865451,0.020831709078423258,0.7906484001227732
Cacul1,-0.007280558630495009,0.023624268658295824,0.005847012538790357,0.8030994372189838
Gm24813,0.03445115109753681,0.03642884856178618,0.02863796245729341,0.8312628619059689
Capn7,0.0488721295944097,0.05886823717105575,0.03893696587927356,0.7967110539772224
Ndufa12,0.0044067894688158485,0.03208191838282751,0.0035556425506126765,0.8068555522730964
Arhgap9,0.03496557010706085,0.05989345203399798,0.028788808029382582,0.8233473082587907
ERCC-00099,0.0027526161746325717,-0.002283481958904593,0.001984913684041771,0.721100784894837
Zfp704,0.005646604684391574,0.029670881932893838,0.004655354869699943,0.8244520610001869
Gm7722,-0.03156514800539613,-0.007496725860467648,0.026730643590648195,0.8468404325580395
Psma4,-0.006307138111850611,0.03277939379652387,0.005326596736853341,0.8445346593639814
Anp32b-ps1,-0.01550455210543533,0.012374725365172548,0.012767424841083654,0.8234629903696387
Anp32-ps,8.780764856236394e-06,0.02431668972592365,7.206578740399407e-06,0.8207233490919703
Foxa3,0.08935929571832013,0.05771377960542013,0.06487836014856704,0.726039295934893
Arel1,0.041167698933054296,0.06967958166195018,0.03492873401087703,0.8484499963837453
Snrpert,-0.011388420107240997,0.024304299653426665,0.009815110100026184,0.8618500202486848
Sept10,-0.040313745875132895,0.00802733075493529,0.03268381342147112,0.8107362070174625
Morc4,0.03385521703317664,0.06375300115928753,0.028768859339889142,0.8497614802379471
Col9a2,0.2185200378340753,0.1779080432732236,0.15142175982558417,0.6929422186013
Ppp1ca,0.0008635724334047385,0.018195061862899445,0.0007111076680678763,0.8234487815506668
Mtpap,-0.004039571843977269,0.030994321029078002,0.00324997959321272,0.8045356584159339
Cnppd1,0.03247649532225349,0.06222759921255743,0.02606019183848057,0.8024323924085383
Magi3,0.0019156002123832286,0.0203243471313901,0.0015983035656717134,0.8343617605279123
Srsf10,0.01210118373349778,0.03868757172178997,0.009556914335176907,0.7897503703478217
Dhtkd1,0.00801664199668433,0.01940696177750675,0.006431940244951664,0.8023234974958222
Ube2a,0.013761608602726667,0.03014366579316117,0.011077770806840592,0.804976447640408
Ezh1,-0.013159244702106027,0.025497226781316874,0.010550827568100182,0.8017806345991583
Fat4,0.01079554256452392,0.021760199474325247,0.009146138125936934,0.8472143082454027
Ndufb8,-0.0001862927574827072,0.03064840961778765,0.00014828065783779998,0.7959550325061041
Zfhx2,-0.045475055443760085,0.026460270271420398,0.03372291943431789,0.7415696166885097
Mrpl51,-0.0077823135307477,0.02057501098281559,0.006102153299381081,0.7841053017552745
Cnn1,0.007454923121663616,0.04262573198822471,0.00567138367431318,0.760756828978214
Gng4,0.028753590427020984,0.026474076113695198,0.024249850235173,0.8433677281701966
Dnmt1,-0.015389466590896295,0.015400669508123079,0.01240420123563966,0.8060189196536168
Pnpt1,0.035094014797142616,0.0417076568144187,0.027447372090909593,0.7821097771106081
Slc38a10,0.018091326490668542,0.040886081468187604,0.014507284891726585,0.8018917186204895
Syna,0.007017252787561645,0.03940944170263754,0.005690249943299458,0.8108942510074097
Snf8,0.02477602928132802,0.0355309098763578,0.019741064933342455,0.7967808202511258
Dact3,0.03974457662172267,0.06797219937156235,0.03135854325677861,0.7890018191724649
Pomk,-0.0031604204954895064,0.025958261632725015,0.0025319918399013593,0.8011566320098769
Papss1,0.1635089276515355,0.13734197186644065,0.11192345944724881,0.684509776039729
Slfn9,0.007705860788835255,0.03460595160578053,0.006141487829980496,0.7969892005937451
Srrd,0.019263434397216894,0.04227105012806945,0.015607278304066797,0.8102022714247504
Myg1,0.011233200606747389,0.054256199219033005,0.009072884108792714,0.807684686352254
Gm9843,-0.028879199413723862,-0.00596267744971868,0.024076893913891482,0.8337105737927677
Rpl36a-ps3,0.022194563006728934,0.04721581495404238,0.01877100724212094,0.8457479985719908
Dpyd,-0.008836093636639356,0.015350109524351863,0.007177404783116403,0.8122825626648968
Snrpd2,-0.009045972888170727,0.01896173151703302,0.007396406399721905,0.8176463152342703
Aen,-0.007769678332524736,0.02630444771701523,0.006275277369969632,0.8076624412751586
Ckmt1,-0.005239173339676964,0.017392165285175558,0.004330615065185645,0.8265836582251088
Pskh1,-0.0002471968765766115,0.022633670216943163,0.0002002463260727628,0.8100681887487451
Gm9701,-0.017914563467768325,-0.006303812269728326,0.014890082793181903,0.8311719579420379
Pdgfd,-0.007936962191550054,0.05605131458791864,0.006097685819973109,0.768264440829125
Gm10273,0.014186794249389347,0.022163235314792074,0.011915228655522397,0.8398816847601264
Git2,-0.0037199653266534534,0.01023356326144913,0.0028958260739319684,0.7784551251549177
Ptma-ps1,-0.004383212352341866,0.021578453509605546,0.003471439693275416,0.7919852870967323
Gm14538,-0.0012102202602062003,0.021862766310398435,0.0010071297442400928,0.8321871458906955
Cops8,0.0018482647917829203,0.03212211422949375,0.0014841150759514008,0.8029775184538119
6230400D17Rik,-0.0012229748296135995,0.04336044312281989,0.0009470876875509635,0.7744130660891828
Ctdsp1,0.04048097821873659,0.060318933509796425,0.032588889747219414,0.805042051383424
Rab13,0.01395139219533326,0.04162207935501835,0.011139519609198213,0.7984521869383316
Loxl4,-0.03939104149461198,0.02652944652736595,0.030331110902054197,0.770000227239561
Rcc1l,-0.01756906719197997,0.028773267214870665,0.014565133475437834,0.8290214452641294
Luc7l2,0.0017563450202962177,0.019072896259357697,0.0013668260068249339,0.7782218134990417
Pnrc1,-0.0010009951142179322,0.020052097992133464,0.000771290628260925,0.7705238690036235
AC121942.2,-0.001753015177889173,0.010903063525283033,0.00139781525210903,0.7973777236727388
Oaz1,0.0045901916424891265,0.032336363016158935,0.0038860139286192846,0.8465907812319603
Hspbp1,0.010602585558784726,0.030475490176103615,0.008765466349502668,0.8267291313900389
S100a10,0.0454069227154339,0.07135964696195722,0.035949295248784784,0.7917139744104602
Top1mt,-0.02020543471517464,0.014756912088806846,0.014361389480908067,0.7107686463247638
Gm24865,0.008109669657970395,0.015889783588035236,0.006528572606328826,0.8050355787195813
Ccnd2,0.025077281573207467,0.045811086633527495,0.01992112336077793,0.7943892683352741
Nop56,0.01955883228383756,0.04991185449563156,0.015523398787511649,0.7936771767473771
mt-Nd5,0.024139997993228714,0.05177080675196763,0.015065393368393907,0.6240842842082986
Wdr25,0.009890633791481286,0.02609854220603725,0.007946590086013262,0.8034459927995301
Sdhaf4,0.005899758854767512,0.03771611246822743,0.004685921335532168,0.794256418081485
Cc2d2a,-0.012826000012451948,0.008562616707937318,0.009946966291628851,0.7755314425364084
Rps26,0.01667444446724943,0.012323424165954876,0.013748956142678102,0.8245525762302107
Rcl1,0.05887153481607482,0.06587259848887997,0.046459365633049206,0.7891651844681229
Gm42559,-0.004723946307480013,0.007300440915093822,0.003846709421636035,0.8142999880301476
Ssr4,-0.006190876178249511,0.028890157689813536,0.0049902553665417465,0.8060660919166948
Ivd,0.012263174756104693,0.032767472081458096,0.00976944934824133,0.7966492806748946
Zfhx3,-0.04005626678063019,0.048328592654005804,0.029718769586239997,0.7419255955377987
Hoxa1,-0.03574038489448763,-0.0008680510515267731,0.026949894151322963,0.7540459967312647
Metap1d,0.013258727826258815,0.036532664851391755,0.010669208579978834,0.8046932345084076
Rtn3,0.0008691444364032335,0.012398068965547517,0.0006825883192521452,0.785356599734895
Zcchc10,0.001838672649140632,0.03169494503400045,0.001430395150046935,0.7779498709112143
1110004E09Rik,0.012846241937201533,0.031502332440699526,0.010434169602475972,0.8122351776872252
Mtbp,0.0031399997106259714,0.0404828740425029,0.002520690814026138,0.8027678491485046
Selenot,0.00464425595209968,0.03715542068828562,0.003830406806835705,0.82476221085618
Pabpc4l,-0.007216870186213509,0.01831009885761976,0.005779124220656014,0.8007798493723718
Mfap3l,0.005803073572909603,0.05197579806306531,0.004429472323391723,0.7632976331835183
Clmn,-0.008278451402637561,0.031971336902625776,0.006310622370320313,0.7622950312071305
Calcrl,0.0063993655986714125,0.05090915453346193,0.004863635682581722,0.7600184123862954
Elobl,0.0021070392921707726,0.021974963564355517,0.0016769267882574847,0.7958687787591443
Vdac1,0.00585673465150995,0.022067628827519562,0.004701304377595879,0.8027176673240294
Eef1b2,0.011738475266447675,0.03179698112907368,0.0093937286457379,0.8002511767936494
Sspo,0.0334147773134843,0.06195182766827349,0.026738445986227526,0.8001982397002961
Bsdc1,0.051279023913146086,0.07002455410600146,0.04105374069668013,0.8005952056773732
Rab19,0.025621242936658586,0.04566693371559463,0.020273482974048466,0.7912763258273233
Park2,-0.0030089030018434883,0.020883059590692067,0.00242152291792987,0.8047859689881184
Ndufb7,-0.0077492978680494,0.015762513400928713,0.006197709690068598,0.7997769340654656
Hnrnpk,-0.001370585576204805,0.02278036329054143,0.0011235682308848546,0.8197724026806489
Spc25,0.034692994157807557,0.052516100844119354,0.02741685532436668,0.790270658094715
Copb1,0.04772887026406448,0.07253815108097623,0.03747257219492251,0.7851133284236976
Rps10-ps2,0.0336441580008163,0.04364397146880172,0.02750605348552639,0.8175580879408252
Atf3,0.045256498274892636,0.05193009215492717,0.03503785899004174,0.7742061433303605
Anapc4,0.013009501006870322,0.046793904319889855,0.010445051953807159,0.8028787536348337
Chtf8,-0.0029214817662447296,0.026151881614433076,0.00235748933283616,0.8069498704646975
Tcf7l1,0.030527476448076598,0.03768071942737796,0.022423757458350197,0.7345434365166145
Tomm5,0.0004848334581953081,0.028634211153989626,0.0003973306735373781,0.8195199131189482
Paf1,0.013146256829963298,0.03973048957327518,0.010381657786179865,0.7897044702882812
Fzd10,0.015430426830581734,0.06130120318974979,0.01214057583769736,0.7867945566895025
Ubqln1,-0.025073379582552763,0.005347314806311216,0.01926489211058119,0.7683404643220336
AC121821.1,-0.002151756495188294,0.026260681600040813,0.0017732944127812854,0.8241148181714258
Itgav,0.0324682683974057,0.07132666594450432,0.02555606461618436,0.7871089490632139
Iigp1,0.0011332248638043759,0.02754065837235078,0.0008752196136077445,0.7723265183835838
Smc2os,0.021390357931179237,0.0413228639257808,0.016729942259841868,0.7821254003167378
Spidr,-0.01741414124442603,0.02107282256243983,0.014039940566953998,0.8062378942428726
Clic1,0.021811933438474033,0.03879650525005849,0.017114191550617712,0.7846251502138741
Rbm24,0.01729587159305259,0.03615609464560074,0.013142761087949095,0.7598785072634491
Lhx8,-0.06892602684190084,-0.02651849564699505,0.05000365063722432,0.7254683452438112
Fgfbp3,0.029056610234275464,0.06266430679608487,0.02263058052982148,0.7788444814228958
Gm13091,-0.006587151896315719,0.01953222961036519,0.005514324476219589,0.837133341240214
Ckap2l,0.08998549561513686,0.11286921633566199,0.06933217633014789,0.7704816854782675
Map4k3,0.0038856437928073938,0.026875340643918128,0.003120322296983456,0.8030386889192975
Prpf4,0.007833283208159885,0.033148284334278556,0.006071197359460589,0.7750514309422974
Ndufs5,0.00033498308084460143,0.023954659047419034,0.00026116780363633627,0.779644759902044
Fhod3,0.12481430431386248,0.12037661847570477,0.08722664060074799,0.6988513142003723
Hyou1,0.0034988943009615536,0.020983264819350138,0.0027749199274629435,0.7930848115932939
Txndc16,0.022622998180795547,0.026618427512574296,0.01734922904554161,0.7668846059612562
Rpl4,0.006704922296051669,0.014500696794498549,0.005536065480261321,0.8256718326954134
Tmem261,0.05048373641023441,0.061257688596825045,0.03783687603168925,0.7494864430046168
Sapcd2,0.04440905444679292,0.07488761072656533,0.034862425512843735,0.7850296735007694
Kdelr1,0.06831841184936537,0.09216415442712332,0.054742192304758845,0.8012802233380278
Eif3f,0.006232169927091482,0.03393203923885927,0.0048550129996792896,0.7790244901016518
Rpl10a-ps2,0.005360680662256126,0.02873387492446761,0.004415512775309555,0.8236850977523472
Capza2,-0.0073918940119921716,0.02631484020872143,0.005781313596829877,0.7821153262547618
Ndufa3,-8.467772063414618e-05,0.024215502142008842,6.826042783936256e-05,0.8061202796693683
Hspa2,-0.008294259999664464,0.011255321419512876,0.006501957770497503,0.783910532194618
Ube2j2,0.0019799977336517113,0.02451842133018371,0.001547200231609975,0.7814151528125602
Ftx,-0.008541332820278595,0.016355050908670073,0.006818578898953556,0.7983038528559706
Ube2d1,-0.011972204152167317,0.014557064148686037,0.009477797403152575,0.7916501658917016
Gas1,-0.00969309805077416,0.02169656214840304,0.0067641185524190735,0.6978283431145982
Rom1,0.006178919737838756,0.04122074846952209,0.004942562811974395,0.7999072688558971
Ndufb9,-0.011571420297035092,0.02006153954986938,0.009099085098761044,0.7863412498371072
Sec61g,0.04229890212185518,0.061393645495756724,0.03202371881092714,0.7570815601471836
Nt5dc1,-0.0028973970867322025,0.01930266979065686,0.0023055446135545324,0.7957295960957894
Tatdn3,0.0025848467423509776,0.021459640076371852,0.001951484216773975,0.7549709562273913
AC099934.2,0.03802078378401598,0.05461458257245976,0.030997178624835708,0.8152693221928525
Qdpr,0.02350174483844065,0.04365907736853185,0.018480878289861124,0.786361966607384
Ndufb10,-0.007736305126326678,0.015584666178231527,0.006116264725799195,0.790592489040475
Txnip,0.010972991847469854,0.04051444224207478,0.008496880358932125,0.7743449076644789
Sept11,0.01775491961309672,0.05406795545790464,0.014091196450878666,0.7936502534477515
Gm27920,0.012014787395824204,0.03746794955756811,0.009875007267983151,0.8219044534583488
Psmd6,0.015625118472933405,0.04123822363822234,0.01240527531885904,0.7939316006050172
Prdx5,-0.01925082452915442,0.00578759666286257,0.014987549684963535,0.7785406626228207
Rpl7a-ps11,-0.0145135137285697,0.004761224060384602,0.011697683962881898,0.8059856614773533
Bzw1,-0.0070009665376708176,0.03018485710639429,0.005489498592106751,0.784105817756569
Gli2,0.0019262317181495733,0.038148023064036383,0.001426234269703612,0.7404271543580012
Pafah1b1-ps2,0.006627384200640163,0.03583442873709452,0.005182720837497656,0.782016053482615
Vcpkmt,0.023416710432742703,0.04500661564402874,0.018701667835968737,0.7986462440863982
Ndufa4l2,0.003231344004770917,0.023173090174581655,0.0024596091950644513,0.7611721907147497
Ctage5,-0.004322741233071321,0.016731500893185147,0.0033937012874794537,0.7850808328557337
Uqcrc1,0.00147823513985635,0.02099989015358723,0.0011485198437132483,0.7769534174548561
Osr2,0.048356730743154844,0.055785694584063,0.03870534636030953,0.8004128022196471
Rhno1,0.018609975423313663,0.03297979118464371,0.014509546512644952,0.7796650013018344
Sf3b5,0.0007210018107298282,0.02089997233243424,0.0005686374486685748,0.7886768662799559
Sumo2,0.012031468285188493,0.03373095605857653,0.009373257166374988,0.7790617856603643
Psmc2,-0.009348414092591727,0.020329496531274503,0.0072797748042463225,0.7787176233469669
Anxa4,0.09239904698470625,0.10210558387070356,0.06769527206662353,0.7326403710400644
Naa40,0.007198730049012551,0.03348369441973007,0.005541546542955655,0.7697950201252216
Hnrnpm,-0.008426364327229858,0.024236334611170453,0.006639447451911631,0.7879373824908339
Ier3,0.05264708723950423,0.05190916662834256,0.04002525872719273,0.7602559006751547
Eif3k,-0.013618016858739784,0.018387371251277228,0.010644030129468192,0.7816138164520671
Gm15500,0.0349364589107939,0.051431282403025885,0.028484975858307133,0.8153366639429639
Rpn1,0.03284863279523802,0.04955438702662908,0.025461477254194086,0.7751152814459046
Gm8396,-0.007862288286224005,0.02299798796926047,0.006429019703143609,0.8177033796138315
Hp,0.004362713553681359,0.03312093590816747,0.0033946579932710844,0.7781070087461032
Mettl8,-0.0390281706948408,0.011369864559035244,0.030068129593758236,0.7704211870153831
P4htm,0.003601838870459496,0.02269934195148231,0.0028927107755727438,0.8031205391494132
H2afy,-0.026233767958853016,0.011633912557423756,0.020834455930673526,0.7941846540440485
Ppif,0.010543621558803512,0.04261852973530302,0.007971439629261329,0.7560437924296979
Serinc5,0.0456368615701424,0.0568009987084941,0.03482391386587785,0.7630654840792371
Gm9379,0.019534239687847503,0.026001240002335134,0.015772191723258316,0.8074126239512868
Gm15723,0.0037792910461422326,0.03906637969594708,0.0031111088100857316,0.8231990529709116
Creb5,0.023394745888989196,0.04255732852546262,0.017699762007341757,0.7565699619619378
Ctla2b,0.01164353054362264,0.016405727371965488,0.009123934360598144,0.7836054817235376
Hnrnpdl,0.01996457898266795,0.02857519043660627,0.016422488559525873,0.8225812612318492
ERCC-00042,0.008987898255410395,0.009184588954774258,0.005841932777976055,0.6499776268005059
Thoc6,-0.008689836993002057,0.013750895538304515,0.006847659135395958,0.7880077774658365
Pef1,0.050733109306412984,0.03865771169155871,0.03718783486208741,0.7330091802078181
Furin,-0.017999430606687728,0.01804128312680283,0.014514011462993037,0.8063594777048294
Epor,0.03182598164503796,0.05466584030270144,0.02453719200489997,0.770979895563586
Mcm5,-0.002082490836044418,0.02658971586446199,0.0015800223787112184,0.7587175661778123
1810055G02Rik,0.05402897886608934,0.06734817355025598,0.04097343126996337,0.7583602749834657
Comtd1,0.03506094064869914,0.05782543240842127,0.02730219848871852,0.7787069594703389
Wdr5b,0.0010243666255475925,0.036267894758736596,0.0008002908589920856,0.781254327340347
Gm22786,-0.006579348092263462,0.01176600435050209,0.005275995162358163,0.8019024207827081
Sez6,-0.0007602490911233289,0.021032109703566705,0.0006024715430057396,0.7924659825841286
Cnep1r1,0.030461753841228314,0.03149683314578825,0.02327672078230638,0.764129370345138
Ets1,0.03701638836837479,0.06422544802131012,0.027596557937325395,0.7455227036925813
Lmo3,0.027897894209182855,0.021119946939513176,0.02036686437517718,0.7300502404397688
Rad23a,0.0007232682877140683,0.022761858963352182,0.0005666645246585117,0.7834776310316163
Uqcrh-ps2,0.0014668764121669397,0.02485121216716405,0.0011390042484291873,0.7764827622707464
Tcerg1l,-0.03070093121364757,0.030223766461217504,0.023821646902352202,0.7759258745794232
Sugp2,0.01332138719737776,0.025160130259772834,0.009980327947278166,0.7491958457031215
Mmp17,0.027578035288391978,0.05823973324705849,0.020522695708987647,0.7441681575346293
Cdt1,0.0356805924471952,0.048550583028564194,0.028242209777906764,0.7915286109585561
Anxa1,0.028636735642967585,0.06175867600102892,0.020795401793476907,0.7261792004768428
Arap2,0.026005672879648205,0.05256517224178638,0.01997455494674984,0.7680845267565347
Gm17377,-0.038262950599531075,-0.002537460548328603,0.030643772093419328,0.8008732105933011
Icosl,-0.02021302542874668,0.015596569849846044,0.015425198042143918,0.7631315805008794
Rpl17-ps4,0.019073060617339894,0.024205431602172905,0.01522593734229167,0.7982954412911221
Ndst4,0.005472241245431998,0.034561943526321415,0.004243421700368825,0.7754449246752525
Calr3,0.06350391176604475,0.09644605386512764,0.04904492149258212,0.772313391862676
Dnaja1-ps,0.0010169203790333814,0.021291450897723233,0.0007867757418456995,0.7736847034116452
Zfand6,0.018690812772080553,0.01491443494744689,0.014087969008267098,0.7537376346367899
Cth,0.17746829053983645,0.15842143944629794,0.11952489728692503,0.6735000203323375
Phb,0.004898599693282185,0.026601148597281278,0.0038573051836054873,0.78743016884913
ERCC-00144,0.002650757831191795,0.005305943704558277,0.0017419863557273788,0.6571654095403247
Hmgb2,-0.0326148789418632,-0.005226227733036166,0.02604512010952042,0.7985655919786324
Stradb,-0.012003913825486838,0.016108203175355107,0.009208759055437386,0.7671463815314343
Bad,0.011115418099195314,0.02428836070499636,0.008354441571864643,0.7516083963111969
Enkur,0.05561495524563781,0.0538790843037752,0.04425569270410781,0.795751655443057
Mrpl41,-0.012887301082516936,0.00651990997156923,0.009692848973533513,0.7521240414475103
Ndufs3,0.003758823601618695,0.029074541698459324,0.0028215022613462546,0.7506343900073433
Pcdh17,-0.018803069285061445,0.021329055947224753,0.013648377334425523,0.7258590141593962
Arg2,2.8726161714288606e-05,0.022827418428407416,2.1941278130946112e-05,0.7638082090177873
Tcf25,-0.00908786815691588,0.01064429690580556,0.007182483909596255,0.7903376001477722
Pxdc1,0.0367253197248299,0.06002465309320502,0.02774091078767436,0.7553619953625291
Cnot4,0.00619521881314724,0.020878355556741127,0.004763163508327743,0.768845080696674
Mapkbp1,0.013760411102428377,0.027195874572719998,0.010678622531528063,0.776039498532391
Arhgef9,0.005667334205219996,0.040361984561909946,0.004420255865787937,0.7799532735720056
Kmt2d,0.019130184492915012,0.04758414827125974,0.01414910802288982,0.739622141549656
Ssr1,0.06329844284253852,0.07368685561953173,0.04774279985131057,0.7542491996221102
Tm9sf2,0.04496207051419895,0.0671258030103314,0.034727266389449334,0.7723680424922273
Psmd7,-0.004025897010018743,0.020912277662594594,0.0030953765448285043,0.7688663016280421
Prdx3,0.032353253662663214,0.04834555919578662,0.02438152249176162,0.7536034163976141
Vangl2,0.006442938385933438,0.03924202429994218,0.004930135288954639,0.7651998193430455
Gphn,0.03411493817318971,0.04606957908563579,0.02634155897130691,0.7721414835219678
Smc3,-0.025994258919231267,0.018954010157597817,0.018894725098253497,0.7268806991944925
Tab1,0.03318719191377471,0.050881119026018266,0.025239019951724007,0.7605048362422092
Jph4,-0.014814483076567148,0.01852681636208289,0.011126297742201675,0.7510419151783115
Ywhae,0.0014177180474158908,0.03378523653807797,0.0010814069919095437,0.762780013896734
Limd1,-0.018936885366178918,0.018100976809250543,0.014379490619836779,0.7593376810274408
Brd3,0.00934011820335076,0.04757831605666793,0.007148204403481923,0.765322691624771
Ppp2cb,-9.903035282019501e-05,0.03029768760760879,7.782167750990283e-05,0.7858366177004356
Surf2,0.06439522639312183,0.07883097299013034,0.049505508492491766,0.7687760609811217
Mlf1,-0.0036078869330738133,0.0293272468953249,0.0028136602375961,0.7798637512176536
Ndufa10,0.0014712984101071115,0.022808760993892323,0.0011121396908310745,0.7558899562394756
Entpd7,0.0062821741875510725,0.026527637482282686,0.004922119715699411,0.7835057686641701
Tmem255a,0.025225162231216867,0.04925342587040745,0.01864875950894809,0.7392919553107853
Bnip3,0.011273908178103337,0.030465966200654546,0.008384346163490734,0.7436947357594385
Dync1i1,0.01062243365987114,0.02523660471493864,0.007960370468188552,0.7493923448315627
Prrx1,-0.21047902247535863,-0.015788838977433862,0.15401202592835606,0.7317214994496027
Rcn1,0.025353104938382106,0.042158189939444576,0.0195314510326847,0.7703770832075091
AC158606.2,-0.0019320288261023139,0.014614596480490013,0.0014808575827900366,0.7664779959714821
Snx4,0.02403339958832615,0.0349373299383362,0.018301104622736018,0.7614863039029025
Prrc2a,0.023980701682411884,0.05720417104218295,0.01823742308961502,0.7605041475075291
Gm5070,0.01770457461263667,0.035920611485085845,0.013856737707210484,0.7826642554473019
AL589661.1,-0.015918458698836943,0.002272105491166927,0.012502395448745662,0.7854023863289685
Evi5l,-0.009032107723080725,0.001448591359444036,0.006719270517698493,0.7439316185886503
Mtcp1,0.026810898184907134,0.0507913562665989,0.019984984963107733,0.7454052760663585
Cd151,0.015477612635905379,0.031102096502766866,0.011677497318629671,0.7544766491661576
Gm13341,0.034918426837398056,0.03534693219262524,0.02734593889823261,0.7831377692234628
Adh1,-0.005670986210841765,0.02156513891826339,0.004239607405822215,0.7475961408117962
Gnai2,0.007870022534593644,0.03287959619257147,0.005996155356733994,0.7618981178741435
Rsrc1,0.021291887426421897,0.04066004370158731,0.01578576374510601,0.7413980465403394
Gm44359,0.029457622999678735,0.03842662315809911,0.02304935435476167,0.7824580535575816
Etaa1os,-0.0046248766560857075,0.025793337865487855,0.003461121089731207,0.7483704641456423
Akr7a5,0.013034538020654027,0.042611902587893706,0.009916253472651022,0.7607675436550271
Gm11349,0.040853822021237225,0.050004728927099146,0.033345507896293314,0.8162151359781998
Ndufb5,-0.01205727648263178,0.01919562991911883,0.009113361242698405,0.7558391197071731
Rnf185,0.0043933868073640844,0.03530742496311434,0.0033556589063325516,0.7637977381613384
B230398E01Rik,0.0563671304064394,0.06253923500779761,0.0404938475125929,0.7183946959976318
Kif5a,0.016544267092240446,0.02895594149162432,0.012337830861832577,0.7457465956663162
Trpm7,0.045549752923215135,0.06569786717536688,0.03222441070286682,0.707455224997349
Ybx2,0.018448387850933133,0.03251009006098269,0.013758630114300754,0.7457903761278973
Smarca4,0.0024603228813905747,0.027238613487709798,0.0019130511608684631,0.7775610166203902
Zc3h14,0.003978106522486625,0.02696682966306544,0.003017189072789402,0.7584485371958882
Pgr,0.00744339076791058,0.03186588817631762,0.005704429052044932,0.7663750607636325
Cryzl1,-0.0012089500965578098,0.00228893418014788,0.0009364836131445272,0.7746255331886202
Gm7204,0.03119695055414613,0.02645287123854704,0.02451712909508538,0.7858822307819124
Uqcrc2,-0.003438393236396416,-0.0021935287811057965,0.002566299314662491,0.7463658570222419
Cetn2,0.005507932052498395,0.022435852023357492,0.004161000623932728,0.755456055788724
Ifitm10,0.011179686470543654,0.05567724829699656,0.008746211893776732,0.7823306956613977
Preb,0.034831763536585694,0.04602333848550172,0.027613787163315206,0.7927760285324326
Rbm7,-0.012121191646676556,0.01805610758494786,0.009494495277276936,0.7832971834811456
Prrc2b,0.03407706921779434,0.0673586751285901,0.025047371201835176,0.7350212848925387
Ncoa7,0.014825708301130884,0.040111907736951294,0.010997047959680888,0.7417553169343045
Spcs1,0.016774250998209363,0.04637226905497677,0.012830753017105463,0.7649076562926794
Baz1a,0.020154441183402434,0.03900262790682215,0.015098201095328742,0.7491252651431685
Bfsp1,0.06815636793533085,0.0825871032669853,0.045396948642757416,0.6660705377644482
Npc1,0.009076046667421539,0.02934660199218542,0.006926216232580326,0.7631314036145245
Mcm3ap,-0.0092718394887719,0.02321969894585825,0.006986519952234448,0.753520373243632
H1f0,-0.020658677012643983,0.016816416933742286,0.01584480012217024,0.7669803885540469
Mettl9,0.006495931397621877,0.02185424211298604,0.004877354920896569,0.750832270593581
Uqcc1,-0.004774040480602978,0.02402614487124315,0.0035542583005976295,0.7444968921061001
Cbfa2t3,0.018958581034979702,0.04446704823418315,0.014375400791776056,0.7582529918907218
Cox7a2,0.008902625702197067,0.0167580484005991,0.006864870597447945,0.7711062811226325
C1qb,0.008296759899898235,0.02369155316385704,0.0064403355890493225,0.7762470731650698
Rnf6,0.020613026820628128,0.039975180981038694,0.015957307188687615,0.7741370215808684
Klhl8,0.0264161158000218,0.03750709349581842,0.02008064155033786,0.7601663205277623
Cux2,-0.0023471749002994162,0.03232930765027946,0.0017602930121186037,0.7499624386295426
Hist1h1d,0.02073195069224214,0.03263927806793281,0.013964447639199264,0.6735713318296062
Pdcd2l,0.01940053102743895,0.029408203612922863,0.01412789988055644,0.7282223285834178
Gm12337,0.014203474610755619,0.027753385749727078,0.01136621058700265,0.8002415534573178
Bmper,0.01313993746923068,0.03141636808725013,0.009699240636262856,0.7381496798577025
Psmb9,-0.002684078444266878,0.03005491006347099,0.0020319318965260486,0.7570314872377156
Actn3,0.05410715293492293,0.06424918622800342,0.04052281630627785,0.748936399500015
Luc7l,0.012110756003777687,0.02880880737179165,0.009065166797408427,0.7485219580495839
Hus1,0.020766623282831787,0.04314488177438392,0.01564594940189964,0.7534180780769728
Camta2,0.0024927747580815924,0.02269732164061659,0.0018697973962471593,0.7500867818824238
Fnbp1,-0.011712048749816139,0.019534694165415735,0.008569161100924762,0.7316534693436351
Smarca2,0.007576592015855623,0.03164178400993058,0.005653252364118587,0.7461471268728683
Gm12168,-0.011354432634504114,0.020503401856718843,0.008854750653455928,0.7798496797231336
Rhobtb2,0.019269174625440092,0.04061230103905244,0.01453772786054201,0.7544551410805422
Dnajc7,0.007604643555826561,0.02995145052511712,0.005655427557712059,0.7436808203033997
Ndufa11,-0.009699512118795167,0.01951436842439455,0.007604851392455741,0.7840447333139045
Tmem256,0.018443067141752208,0.03555065444100864,0.014005428763843036,0.7593871808955759
Tceal7,0.034666341467155304,0.0546891659992237,0.02571663270677023,0.7418329024173348
Cend1,-0.03222534414930606,-0.010526504534752255,0.022353970002391168,0.6936766881005533
Ndufaf8,-0.002183905174241441,0.027234837465293545,0.0015823115714666902,0.7245330933456354
Ndufs1,-0.013269286709043038,0.021472013284260492,0.009985013122693908,0.7524905702647232
Srp68,0.022379877047325338,0.043769608100882505,0.01641555876265431,0.7334963783733641
Map2k1,-0.009200173933866115,0.015884271372548945,0.006768538968153684,0.7356968484300596
Tmed1,0.02651848033435575,0.055851561194088906,0.020061682910954715,0.7565170650055691
Actc1,-0.0028895509059243285,0.019004013648971044,0.002273080360168437,0.7866552395765144
Pafah1b2,0.0007141961932492024,0.031211456056427774,0.0005293829965596073,0.74122909301883
Nr2f1,-0.021157009109652656,-0.004165266605207522,0.014368137921719294,0.6791195223886342
Zfpm2,0.03658495693505272,0.05956476460832341,0.026970545021099815,0.7372031370428878
Pou6f2,0.00622385807719043,0.03627905038172013,0.004646415452659391,0.7465490689268532
Mbd2,0.007905982278706463,0.04041047318149494,0.005966370753951417,0.754665333619696
Coprs,-0.0038893491050649045,0.025988842778396557,0.0028472262900620074,0.7320572705479709
Snx5,0.0002641220461620003,0.018612903184335138,0.0001903329445573941,0.7206249812280063
Ddx59,-0.0034720215443456203,0.018875943586025477,0.0026478000465703926,0.7626104886596922
Hspa8,0.008717449719758692,0.033300163630006034,0.006741052625903939,0.7732826506156824
Ccdc32,-0.003887193626792616,0.018480168989880207,0.0028317411332932406,0.728479567823781
Tcf24,0.02391526776594131,0.05126646150373894,0.017610276258040052,0.7363612412953849
Brix1,-0.0005168114298528628,0.033915801272220276,0.00038971165811240664,0.7540693483179316
Ndfip2,0.029414652534597758,0.05478910716285428,0.02111942733852008,0.7179900328137222
Rab11a,-0.0006642184307664701,0.027425314672736588,0.000503095717827318,0.757425109759111
Ube2k,0.0030452837624096976,0.03058128162161686,0.0023072679174524803,0.7576528486221481
Timm8a1,-0.0068903689146676385,0.00925718829390591,0.005130843572853883,0.7446398932184566
Dusp9,-0.004236876264699578,0.013618394622038558,0.0032585443455590566,0.7690912223961557
Hsd11b2,-0.003464379031143542,0.01827838663104387,0.0025695365921861524,0.7417019238042164
Tnks1bp1,0.0007290684320187143,0.023874740881262974,0.0005466041646610786,0.7497295735978977
Rab5c,0.021490186556276204,0.02969446341263279,0.015941967888273772,0.7418254767833984
Tal1,-0.008346871564263387,0.018979875125301512,0.006184250870216335,0.7409064369330687
Ywhag,0.0024468442135040596,0.02729227852102908,0.0018703986878207289,0.7644126575357985
Rad18,0.005866741369067669,0.027695719712389263,0.004346670898301043,0.7409003780563465
Cdc14b,0.012117990156894699,0.04796199186225478,0.009041801504814493,0.7461469590045866
Evx2,-0.008883968697710895,0.02239282173011336,0.006910227777640701,0.777831171267098
Zfp420,-0.0032790246973966363,0.017276772012625213,0.002490174977919019,0.7594255023135629
Gm10046,-4.4835772027130986e-05,0.018978044188991235,3.532419670726214e-05,0.7878574430677092
Psmc1,-0.00428893981897058,0.01067609445982578,0.003142487656995291,0.7326956753031667
Mrpl12,-0.014009465654011219,0.009718532166800195,0.010250528250119725,0.7316858831931804
Rap1a,0.00452297426218014,0.0321937829625522,0.0033164603516635956,0.733247672752622
Triqk,0.007303308704864858,0.03123584162279493,0.005491046814471105,0.7518574164629553
Apela,-0.016584277118233744,0.008807144633056664,0.012463675351070253,0.7515356419947268
E030013I19Rik,0.01592471908203435,0.029306383466854213,0.01227563950021214,0.7708543828607339
Ndufb11,0.011361424082572813,0.026635558566023954,0.008414216831373916,0.7405952607895702
Psmd3,0.0044231666660817515,0.024840710763743175,0.003236727662286834,0.7317670589053519
Trip11,0.014802315512687212,0.033673679259734995,0.010993642737554894,0.7426975008154726
Nudt3,-0.022531235594112315,0.01822511690327243,0.016439906281907786,0.729649566409209
Col5a1,0.000608058172256247,0.06225164207685743,0.0004208764329656375,0.6921647502967403
Srsf1,-6.606414819753935e-05,0.029687947518769364,5.0043819402322e-05,0.7575034382141016
Gm20712,-0.007562182262794027,0.029128953966642574,0.005678558768055421,0.7509153536266849
Gm38392,0.032262437561861416,0.036898383643280255,0.024003312318125965,0.7440018216881771
Impact,0.021333923068120285,0.04570748928881932,0.015473898970151478,0.7253189636403273
Ubap2,0.018218425565951324,0.04539926884471186,0.013690168839608783,0.7514463195543382
Bcl10,-0.024272853135930212,0.013095071548294939,0.017473707918624636,0.7198868555241638
Gpatch8,0.0022096771595899838,0.015332447189123202,0.0016298187537389733,0.7375822964298522
Rpl14-ps1,0.003370067604453723,0.016464559086013866,0.0024357084706181026,0.7227476586520651
Sema5b,0.04470598969404075,0.05093294076889403,0.03182836172653166,0.7119484870899602
Nsa2-ps2,0.015264945947808441,0.03996030859919825,0.011288086461140245,0.7394776568311959
Rpl35a-ps7,0.028482937470478507,0.04546027406419951,0.022258950469320766,0.7814836686837981
Cftr,0.011070341102835987,0.033752910646261534,0.008214495613067647,0.7420273265982082
Smc5,-0.008738881063808539,0.028714734030479416,0.006337364186052786,0.7251917196010979
Kdm5a,0.04116612871722072,0.042886127878263514,0.02967542201274528,0.7208698737885301
Gm2574,0.024360238673687896,0.034067395459580214,0.018271487279273555,0.7500537053033494
Gm8121,0.010904621962574372,0.017137714396391945,0.008383704030889618,0.7688211530544784
Prpf6,0.017761713876203962,0.04428671039959753,0.013342290953296046,0.7511826305890006
Anapc10,0.006890568557010327,0.036398540326513136,0.005165419290186429,0.749636150841462
Rps15a-ps3,0.011806811501362684,0.025249151400200467,0.009055528258718715,0.7669749159350575
Psmc6,0.001607256543974005,0.027726710629545525,0.001211457309269061,0.7537423405187608
Kctd11,-0.029210953576692837,0.0514671069295314,0.01906383260606972,0.6526261649082413
Anxa5,0.027574421407698536,0.07041822635065219,0.01965749592397381,0.7128887904239256
Cops9,0.014643225210912617,0.039726406582879126,0.010660768015185921,0.7280341496927305
Pum1,0.016515922828303654,0.03702778920768659,0.012317144836641439,0.7457739397724304
Ipo4,0.0034811904992055093,0.0286542871471049,0.002573765576988208,0.7393348848836635
Aim2,0.005989762451125866,0.031077549524786495,0.004372414978160853,0.7299813663460046
Mrpl32,0.0025369654520480387,0.022516210588020332,0.0018298132738465806,0.7212606195994553
Ilf2,-0.001365194538600306,0.01751736757814147,0.0010206185299745294,0.7475993355649808
Mat1a,-0.0019030898262604604,0.027254014082715838,0.0014097328093561807,0.7407599945643565
Clip2,0.001792242926058046,0.027201581320233696,0.0012821451400073787,0.7153858003096693
Mkx,0.05691008720054001,0.06713851896451112,0.04214271195370459,0.7405139233964256
Gm13339,-0.020257999176860796,-0.00213618138550889,0.015126691800419886,0.7467021628521923
Rps6,0.01172984517507204,0.024095238017473136,0.009130143100025204,0.7783685942784945
Sugt1,0.04093528993797147,0.05715433676648271,0.026657149345888583,0.6512021628839492
Csnk2a2,0.004061918823052108,0.025937641929732552,0.0030749260622981384,0.7570131743764521
Scaf1,0.024096257205837125,0.045665630983031016,0.01760852946313342,0.7307578647055566
Alx4,-0.013255610266075744,0.018136962106631925,0.010065059915997003,0.7593056610721185
Bag5,0.0026028965147644615,0.0314405081379013,0.0019250179947437921,0.7395676254605108
Rsl1,-0.005062778074505434,0.03088988175047517,0.0037473446869677406,0.7401755778785161
Hmgcr,0.004815820321734718,0.027583269158053012,0.003429774184537197,0.7121889845138055
BC004004,0.03365771079300164,0.04921756203410286,0.024762704600244333,0.7357215929668389
Map9,0.01653970358888828,0.02466500283363937,0.012112225527414948,0.7323121277428571
Cul2,0.00718869144642078,0.0285565375954975,0.005202862439652729,0.7237565387847065
Lsm3,-0.00828448568264399,0.015233415428240724,0.006092234543686528,0.7353787280301262
Tmem57,0.03587045728166321,0.06031758744198627,0.02623656736130988,0.7314255058220815
Sh3gl3,0.014552122759823491,0.02668135442791764,0.010623137731371031,0.730006055247151
Lamc2,0.023937135130532534,0.04181561857421135,0.01747097846542245,0.7298692333126235
Tmem176a,0.03118479190538496,0.05321390088276946,0.021808649247287443,0.6993360517990677
Hsp90ab1,0.05410133600383693,0.07180506212583794,0.03865164452658529,0.7144304999019631
Zcchc9,-0.0009085393015469483,0.022345637822641307,0.0006444978929774108,0.7093781104241056
Ptx3,-0.0011762528929801664,0.020588989750082474,0.0008594894023827601,0.7307012016821901
Senp5,0.02048162420243986,0.04368331172188261,0.014725516285670894,0.718962331313389
1700019D03Rik,-0.0025259977868758304,0.027641732669064643,0.0018357449333917845,0.7267405153439367
Ppp1r14a,-0.007871851298924154,0.004553518975526573,0.0059783567646313545,0.759460073318257
Ppp2r5b,0.005258378736067944,0.01978794306655278,0.003788534521173595,0.7204757799561897
Tmbim4,0.016608335435909574,0.03806239638624183,0.012319233157174916,0.7417500209285868
Appl2,0.021355225895967427,0.03415552615691824,0.015727476000593148,0.7364696621431204
Tbx1,0.006667282537004634,0.040531949090140566,0.00449245894485493,0.6738065951039217
Nol6,-0.009804744320297817,0.010438349514471782,0.0070071643532252925,0.7146707883773201
Timp1,0.02729809109558519,0.07188526368099767,0.01974709297083727,0.7233873204427429
Cops4,-0.004847753797736187,0.019912496154478328,0.0034463294819174354,0.7109126464976024
Cops3,0.002807262636509315,0.010436377065377903,0.0020248641883897863,0.7212948877870579
Ndufv2,0.012117417060462751,0.03377118337089683,0.008630907363375585,0.7122728647788228
Serf1,0.03615658894998694,0.05069967917920432,0.026464443146559345,0.7319397076744681
Smcr8,0.004114694320069956,0.01773967296082666,0.00296959874424069,0.7217057971368823
Far2,0.02826723410160406,0.05893554974041115,0.02009778656729947,0.7109923275499741
Klhdc10,-0.003237208913913546,0.013163383172582947,0.0023554396893673917,0.7276143591609723
Ppib,0.04159583294719229,0.06762710401906273,0.02958425819712016,0.7112312965262327
Psmd5,0.010949330837795236,0.027891661712407596,0.008054676293499843,0.7356318310975192
ERCC-00108,0.008952733164158422,0.008940771715028243,0.0055838671940042365,0.6237053078225115
Pbrm1,0.010640708786544517,0.031026262439150642,0.007463698820176636,0.7014287271553469
Uqcr10,0.010314665273086901,0.029433482702912392,0.00782545279865705,0.7586724912029165
Rbm15b,0.0065521807946112625,0.026355936603405745,0.004852268923126457,0.7405578501614499
Zwilch,-0.01253441523962333,0.005414017684619608,0.009095504904978,0.7256425394481607
Tbx4,-0.003033532897779911,0.027858742328768168,0.0021197429135978666,0.6987703727060943
Maneal,0.03845379856288223,0.06182011134483653,0.028383669108302693,0.7381239349316249
Vdac2,0.0012832705446081554,0.011558331783643825,0.000960819136796816,0.7487268688850024
Cr1l,-0.05939367402795449,0.02456107497623868,0.03844042782493683,0.6472141764936833
Ddx39,0.006754498836601822,0.026844407034235615,0.005275931606109223,0.7810988992284047
Cox5a,0.006437477043990374,0.029084063047008953,0.004962247899954291,0.7708373740278787
Pcdhgc4,0.0038211339280281916,0.04621678390751286,0.0028475052639961446,0.745199021450037
Zranb1,0.011239755255945831,0.03156087143950744,0.007974685064820642,0.709507002886209
Eif3a,0.0004953383623475197,0.018404334693946606,0.00035563468930997554,0.7179631466954082
Srsf7,-0.00158041789651199,0.022646996948327384,0.00117551508981352,0.743800163493404
Gm16286,0.030431662065627373,0.04179622062064524,0.022997582235502034,0.7557123296751462
Actr1b,0.02294925636064684,0.023315819859395993,0.016493902732490115,0.7187118603447952
AC025913.3,-0.04183410057271583,-0.014099377684784,0.031542592935053376,0.7539923771093439
Igsf11,0.010705964670678888,0.05420001477945633,0.007538276078372872,0.7041192746524219
Arl6,-0.005010904438505373,0.02049231690211064,0.00349839835523545,0.6981570688821467
Selenoi,0.02801059030771727,0.04832435461534299,0.02024490436302987,0.7227589329830063
Sesn2,0.009525459153167914,0.04002013020699511,0.006688998270849064,0.7022231856009252
Sec31a,0.054726573641972844,0.08126984389583135,0.040077499115231154,0.7323224614320363
Cybrd1,0.0015330099536667845,0.027418350295824193,0.0011171371876914462,0.7287214182917611
Lrrc58,0.03837733497673554,0.036903879610045015,0.02754823815161428,0.7178257210490022
Gm8194,-0.032702822260562946,-0.0034897153424852697,0.025060473276230844,0.7663091911933185
Gm7656,-0.004781526673933003,0.01206926360155905,0.0035961445479462295,0.7520912865656467
Oxa1l,0.0053787475521420375,0.037943653115620514,0.0038836546506548887,0.7220369822168469
Flrt1,0.04150411486957383,0.06481394860825712,0.027020155683784717,0.6510235375141772
Gstm4,0.00646309013046184,0.03985154243418046,0.0046174300145096474,0.7144307013059858
Wbp1,-0.0030426600239061856,0.005644683440169663,0.0022156413882042565,0.7281922300868181
Sv2c,0.013489369890310321,0.03526369962060406,0.009646396040206135,0.715110944295132
Sh3bgrl2,0.04600827355838865,0.060357177793642136,0.03225268098656538,0.7010191535579751
Edem3,0.03231322682528563,0.043355696081023465,0.02347094238665885,0.7263571203694349
Dennd6b,0.01185431182920767,0.018718911159872877,0.008672413692611038,0.731583057503448
Lsm5,-0.01336890157460057,0.012492854816646696,0.009963602031446408,0.7452820245438972
Copb2,0.02791863825847917,0.05339831533713532,0.019617143765738174,0.7026540329122338
Atp5f1,0.010889549791582305,0.04527345766642038,0.008355932903829534,0.7673350196983099
Rcbtb1,-0.01258681160119409,0.010219933279028318,0.009055263201643036,0.7194247032969
Sdc4,0.004817216674896516,0.02688742802807134,0.0035048667768505367,0.7275709218385591
Rcn2,0.06695468091709819,0.09292155170970223,0.047616624820641655,0.7111769359277436
Creb3l1,0.07708837826044862,0.07985353259870913,0.053466760290932384,0.6935774431561019
Mir22hg,-0.016543292445235554,0.011164300799447994,0.012318083969310735,0.7445968817929182
Ppp2r5e,0.02106572250597591,0.03983368769226438,0.014762046512619913,0.7007614625338497
Stt3a,0.012886634289801845,0.03312053057078667,0.009184613427204107,0.7127239914360397
Mrpl17,0.002564371079661343,0.021687140157415637,0.001841511281945487,0.7181141982730056
Ndufa9,0.00690046444673885,0.0233365579553196,0.005265335720824549,0.7630407723226426
Bcar3,-0.0022856064002265185,0.014506697207459193,0.0016892822147599527,0.7390958542085522
Sit1,0.008303138156442692,0.017890094804008955,0.006076390682286912,0.7318185688108815
Glyr1,0.0074653217317307155,0.02559809184647765,0.005652667950853471,0.7571901324530041
Pdcd4,-0.008267302087347264,0.01116064771754922,0.006237469982651343,0.7544746661909829
Tfeb,0.008894127455066335,0.029839915240226757,0.0061959483910456045,0.6966336408318755
Tbkbp1,0.017308932287605903,0.038398994025346585,0.01253367963900186,0.7241162788519675
Smarce1-ps1,0.0008025875771319613,0.03548988902002299,0.0005793743643324222,0.7218830453404359
Fam168a,0.007879402632585842,0.02563374243214801,0.005804546542029928,0.7366734272500308
Ndufa1,0.00011613130010416425,0.015186789635019658,8.23061365391663e-05,0.7087334462400887
Rai2,-0.012415196455833912,0.015373052027833317,0.008743821388722183,0.7042837718941978
Mrpl3,-0.000420799297093381,0.015363178902272182,0.00029731377463993835,0.7065453214717715
Mbnl1,0.09605356418558653,0.08000161373518855,0.06427266978446972,0.6691336269447278
Plag1,0.12212212685423386,0.10778334088902627,0.08116891266979669,0.6646536115988274
Tgfb1i1,0.05140333494256305,0.07836837328329997,0.033612339857997615,0.6538941470539859
Apopt1,0.06050266924561364,0.07171229672895879,0.042030283890995786,0.6946847868871987
Ildr2,-0.002247370093756036,0.0103857390504127,0.0016462000245532423,0.7325006366895019
Tbpl1,0.05624598725287086,0.06960521837021236,0.03908441328295687,0.6948835853345602
Rps27,-0.015678012231021263,0.0010259830375421376,0.011695443874773247,0.7459774684721883
Gnb1l,0.00569259350176572,0.034626860607209396,0.004220544932724491,0.7414098567577974
Psmc3ip,-0.02178168584556268,0.006136323534968141,0.01595668897801009,0.7325736442599897
Rplp2,0.030842473246903132,0.07924157859689422,0.022415292479293424,0.7267670235085355
Tmed8,0.057292753260974806,0.06624789148504193,0.040644612984101006,0.7094197899507519
Rras2,0.0706950403955171,0.09073670675552677,0.04916889541570949,0.6955069993683373
Srrm1,0.025422030494282693,0.052291061596927146,0.017870701726281326,0.7029612261027054
H2afv,-0.016820270832663433,0.01277510266537157,0.012219038734686933,0.7264472050568099
Rpsa-ps5,0.011087876743344544,0.021969620232015746,0.008478859322794114,0.7646963903962513
Rbmx2-ps,-0.011121750062329525,0.02601468009257686,0.008332096550904316,0.7491713538075232
Thra,0.02012362070955014,0.04369032589422379,0.014995119699158852,0.7451501852269837
Smarca1,0.010909590433821099,0.04911736538663298,0.007450394745480635,0.6829215808490369
Rerg,0.010847971331591624,0.03972853173623627,0.007640551106972113,0.7043299501282039
RMST_1,0.014457399409093534,0.03944752352276477,0.010422239977070159,0.7208931345228445
Blnk,0.01059458899256665,0.029870067038627914,0.007422355963059442,0.700579887362039
Ism2,-0.01118102830425708,0.027375160913568872,0.007813406991255042,0.6988093383396726
Map1lc3a,0.02641837700107359,0.04504299479116561,0.01884563742142383,0.7133533381198239
Sdad1,-0.00403035904521147,0.037247710984099874,0.0029034296072988283,0.7203898150832087
Rhd,0.012291397095077743,0.03244703246483657,0.008825783453223513,0.7180455878980525
Bud13,-0.0013241080903962062,0.02011423145595765,0.0009536130557176631,0.7201927566444506
Bpnt1,0.024117106787164,0.03300519554614936,0.0170764855228617,0.7080652614579136
Hmga2,-0.016647817053964474,0.017150535375254232,0.012886650893628275,0.7740745139050814
Gm10175,0.020301441768176075,0.04524522695513131,0.01514738798627197,0.746123756097784
Hnrnpa2b1,-0.006758256276067589,0.00903672011354795,0.004967125651291427,0.7349714850087984
Ptar1,-0.012858626740151462,0.010562151129197948,0.009356946693496024,0.7276785369528355
Mgmt,0.11519964652248145,0.10025291180478248,0.06906813810286515,0.5995516495737369
Gtf2h4,2.9825883355262493e-05,0.03231920687377885,2.116017191805577e-05,0.7094566711071865
Mcm4,-0.014118965766794084,0.005300144639753867,0.009937484926039835,0.7038394376882383
Foxo6,0.00045790100281271624,0.0286756848234786,0.0002962997766173249,0.6470826113008382
Rbm8a2,0.01392204344036051,0.02343726499430493,0.00995944883332958,0.7153726301741579
Particl,0.005362639639150579,0.03111424534197311,0.0037251792306888,0.6946540288653171
D830050J10Rik,-0.0002549320865511923,0.025619184777069152,0.00018320169512833412,0.7186294107059993
Rps6kc1,0.03133373203692576,0.04066643697102614,0.023582063777359646,0.752609480082646
Igf1,0.03625531439483936,0.05168698153733198,0.025660932594172292,0.7077840317342527
Sdhb,-0.004588682689464566,0.018557935687192124,0.00336167823921948,0.732602026925453
Eif1ax,-0.006097809214604029,0.0114651953423692,0.004441593947300327,0.7283917536584898
Rrm1,-0.03790378296870843,-0.016980448554073078,0.02623821266041534,0.6922320308259565
Ubtf,0.0059895557545747964,0.03395413735926121,0.004308065245466745,0.7192629006210124
Eif3c,0.018642862426746322,0.034420641725323324,0.013210592292393639,0.7086139451118205
Srm,0.01400979452299131,0.04073570777672339,0.010053913702077694,0.7176346295142539
Rpl10-ps3,0.025753308915404307,0.03806653563640067,0.019149340579817365,0.7435681621619975
Flii,0.0212152656517159,0.04962150466786491,0.015473249235885033,0.7293450617071839
Gm23927,0.01106092311095964,0.007982108084519155,0.007237238458104877,0.6543069132208241
Phf13,0.0033141658000894313,0.025341265698308742,0.002293202504080664,0.6919395837162954
Champ1,0.0018892901503523734,0.0204524926199584,0.0013551810646210791,0.717296421816587
Rreb1,-0.012224149672156834,0.013038509334877598,0.008669938978659983,0.7092467951703553
Cpsf4,-0.0052218499539217885,0.010961116376533225,0.00372201423475274,0.7127769406620693
Lsm7,0.00879908358016907,0.014058374559782542,0.006336433144075814,0.7201242136574935
Nono,0.027072756561003608,0.043391060842952855,0.019860345577621848,0.7335915547746353
Veph1,-0.01220408752347801,0.01683407539554032,0.008565994880177263,0.7018955627529015
Mid2,-0.014286599476363035,0.011183397198786098,0.010095864158989573,0.7066667036962175
Rab17,0.01463356920784926,0.040098444047617726,0.010383411604934886,0.7095611096276742
Armcx1,-0.0031433284302719586,0.02692823177308179,0.0022470448589355326,0.7148616216158868
Mgst3,0.1824044980987694,0.14007269924996904,0.10664221511653585,0.5846468493270962
Sptlc3,0.00704117792678386,0.018333989981043217,0.005021377290112802,0.7131444968905046
Abcd4,0.005237128866818483,0.018358575126771758,0.0036530803908162335,0.6975349439960321
Rab6b,0.010157247209119235,0.03802688429949643,0.007353816725598231,0.7239970214563579
Ddt,-0.005483895674744716,0.017998010214880962,0.003906620674253995,0.7123805604554749
Psmb10,0.010080859103210065,0.03840888511496617,0.007412832433374624,0.7353373712974665
Serpine1,0.039203527840184986,0.04768005135069303,0.02687639629556567,0.6855606568145743
Ythdf1,0.0032722007792033675,0.027446278168245564,0.002309740896268797,0.7058677178211277
Tmem231,0.017212343601745776,0.035688478499935325,0.012004488092770845,0.6974348392367254
Kantr,0.008462747949326058,0.02394378030243454,0.006066409833014076,0.7168368796210198
Tubb4a,-0.02032101993091016,0.006735309400515216,0.013906285156401462,0.6843300781004948
B230217O12Rik,0.010799982158474532,0.0343034887917838,0.007525858015467729,0.6968398563105346
Uba1,-0.000894924638624144,0.022370551204044763,0.0006380151656594536,0.7129261371553446
Cops5,0.0024526697583993544,0.030445668367315225,0.0017503535231872481,0.7136523444271408
Tmem54,-0.0008945540124274372,0.019067872070583546,0.0006172343020886247,0.6899910944602603
March3,-0.004653506897675578,0.022630242672643373,0.0032986340696958254,0.7088490771000017
Smad4,0.01267423334674143,0.036307255013755424,0.009006466444084442,0.7106123264173625
Ncbp1,0.011088450799133927,0.03411433283720046,0.007954041180968385,0.717326642382689
Tns2,0.01139443170707551,0.05323104176228997,0.00787078519756948,0.6907571522572751
Fundc1,0.007886445269168516,0.02818308727569431,0.005468954720946037,0.6934625847625567
Snord47,0.010627540362867331,0.03597256500035739,0.0075499156663788045,0.710410443865096
Ube2z,0.011572905338785109,0.035467642258391135,0.007998773023314143,0.6911637820545615
Nfil3,0.04276270659989149,0.07254432650038072,0.029346289489856816,0.6862589350209952
Ppic,-0.0036612717201935725,0.018239063429867988,0.00261826198572877,0.7151236471436602
Gm14170,0.01839942158265077,0.013932319073350569,0.01334267100683763,0.725167959596009
Yaf2,0.005579690859090693,0.023037126601727097,0.004066988111174727,0.728891297722812
Atoh8,0.01805338527207434,0.02188141287579675,0.012249833260688724,0.6785338636536622
Gpx7,0.023482007344427885,0.04836281036409117,0.015827790346108674,0.6740390680383846
Ndufb6,-0.005397393308419524,0.01640360546089294,0.0037821873416284606,0.7007433265477495
Igf2bp2,-0.007808934071214422,0.014178046731211246,0.005560346439490638,0.7120493512664411
Cuedc2,-0.002191721115007581,0.019376683502949715,0.0015706888780295226,0.7166463229625315
Sdf4,0.005545042906094572,0.02766604713433972,0.003949934534394873,0.7123361534413899
Sec11c,0.03303212372845812,0.0511359608623358,0.024051164062231,0.7281143731461092
Lars,0.0203766896575952,0.03872653124476956,0.01490572432595576,0.7315086295383512
Ppcs,-0.01079671560562409,0.018464616521792206,0.007869724754873129,0.7288998842179126
Khnyn,0.0009138081427582096,0.029365234415645633,0.0006645742613525353,0.7272579770920026
Cope,0.045066493347029765,0.06636544052148675,0.03168774882310262,0.7031332253675577
Oip5,-0.014660072064672796,0.005154857107226194,0.010248358607370436,0.6990660456619776
Arih2,0.025151595926006014,0.046877817030755616,0.01796770126580911,0.7143761898317964
Polr1c,0.01104082584631869,0.0343605397253166,0.008083611150801228,0.732156386063867
S100a1,0.04382740043995148,0.05265723504032755,0.028533617668068587,0.6510451767989955
Ebag9,-0.013768718813924668,-0.0008749939166602315,0.008467103733067766,0.6149521860018494
Arhgap45,0.003816263268576158,0.040481832803674504,0.002617676059298727,0.6859264875285656
Sarm1,-0.014219492807540828,0.018025246104899008,0.010450307534443598,0.7349282900513603
Ssrp1,0.012367783371040662,0.027763043805434894,0.008711268676433494,0.704351654220517
Aurkb,0.03915994665525263,0.04760381605063495,0.026783014799172077,0.6839390011165809
Ddx5,0.022826893922825157,0.04181350920411401,0.015812323723979012,0.6927058835704271
Snrk,-0.005158095401362501,0.020143021606487815,0.003649514488299766,0.7075314053586046
Nvl,0.004983736923616181,0.02241067791872385,0.0035385851502327766,0.7100264729995404
Ebf2,-0.015345867257708472,0.01244683471078228,0.009870773438026842,0.6432203063055036
Sdhc,-0.003037462936523509,0.013596011235667952,0.0021730835430268506,0.7154271799984585
Cln8,-0.0005080774088767326,0.02423755437751275,0.00036215238434752643,0.712789779707348
Srp14,0.0216471308707075,0.03641555902593299,0.015209677732604988,0.7026186437107212
Srl,0.045830157567166865,0.06556991960105753,0.03127500931874886,0.6824111235688737
Zmat1,0.0019967727226367442,0.021843719618176567,0.0014083216734548669,0.7052989343700439
Sf3b2,0.012162681718887567,0.030198727918572147,0.008704247559255458,0.7156520050786606
Psmd11,-0.0001714311189747195,0.01993788139404564,0.0001201192166900331,0.7006850180319173
Itm2b,0.018230402044090568,0.044570973715160125,0.012800505817944827,0.7021515919937785
Psmd13,-0.004415804377059012,0.014037697435142023,0.003108631373726709,0.7039785072628378
Sbf2,-0.013730688843820468,0.010616625124103142,0.009758026137031152,0.710672730845749
Hacl1,-0.011425936692607497,0.013540691259597757,0.007967655613180434,0.6973306283357454
Eif4a2,0.004610713195356344,0.023627726433559912,0.0033217861483304883,0.720449528649062
Psme3,0.0033527643913360008,0.018165472423645673,0.0023260730058758854,0.6937776516258567
Parn,-0.005592991185410732,0.026181464870544038,0.00402053097161487,0.7188516552828457
Mt2,0.018897370456413924,0.042048667006412035,0.013577169013538597,0.7184686909141051
U2af2,0.0038022712674861746,0.034084895123548384,0.0026100702580256624,0.6864503015197226
Usp33,0.00797609044899013,0.03407709925246584,0.005433036617527589,0.6811653719668485
Gsta3,-0.018230731566016047,0.017727449401134136,0.012056775567081436,0.6613434860483878
Tmed10,0.03229077198147237,0.04738407588626287,0.023656235917605798,0.7326005067695237
Ccdc86,0.019238321342160827,0.04239707323461007,0.012778314517686403,0.6642115125545126
Ctsa,-0.0015129537698243664,0.031922380757045656,0.0010218749732866714,0.6754171830414206
Tcf7,0.02705092972732544,0.04312950178640496,0.0189892498845997,0.7019814134305982
Anapc11,-0.004525988070233725,0.0121058050193095,0.0031481535410276848,0.6955726555560965
Eif2d,0.0011289611866598704,0.017778452408640517,0.0008084306812851133,0.7160836801457503
Copa,0.03430035091322728,0.06023524513781061,0.024080806444310456,0.7020571452819787
Mpc1-ps,0.010994200475469352,0.03406519918461384,0.007319660614455841,0.6657747082916785
Gm23246,-0.03548171610722621,-0.007824784627868012,0.024385462092544902,0.6872683953293498
Wasl,-0.016761358102572087,0.01324772906160496,0.011387431596797618,0.6793859738042455
Ptpro,0.005053231383236645,0.049173850929369295,0.003511984577295509,0.6949977768573993
Csrp1,-0.009763940521817994,0.021443996153020117,0.006669444245461581,0.6830689136786923
Ubtd1,0.009063944620414913,0.02342359708061998,0.006223910676063005,0.686666891371419
Las1l,0.01146841988540585,0.029885315159130448,0.008092315417447177,0.7056172949985081
Tsfm,-0.006979347500733117,0.0286104038941187,0.0049488707473367985,0.7090735554888139
Aph1c,-0.013509880712943375,0.015195771720509742,0.009603145772011126,0.7108238759510782
Phf3,0.010283816514606296,0.017442342239561155,0.007265451546953647,0.7064936968327266
Wrnip1,0.018106995678704368,0.03951958241211022,0.012707116401501363,0.7017793910696184
Pura,0.013336938590315763,0.02469252788881085,0.009067901840584681,0.6799087945991653
Snord82,-0.0012413394498319132,0.02028028206865999,0.0009124047277408784,0.7350162986155196
Snhg5,0.0379895273076891,0.043456173447221524,0.026121263376443892,0.6875911659779177
Gm19726,0.011004907099583988,0.019456558604477134,0.007753274146571,0.704528813956466
Rybp-ps,0.015843291584734714,0.032093131602470425,0.011070158217122828,0.6987284276071216
Cdc45,0.018089412380334062,0.027977576002307616,0.012600703481930979,0.6965789278832438
Polr1e,-0.009776989465518417,0.023375616412940406,0.007008581567001209,0.7168445452170266
Fblim1,-0.03402838570392246,0.016991770288778574,0.023825936721169498,0.7001782843440344
Mbp,0.01227441570827993,0.021516928437607385,0.008313413000960735,0.6772960276514647
Gm43625,0.024215102533960798,0.041815061947660666,0.017900241421442007,0.7392180725370695
Rexo5,0.01053762018843635,0.03336572601174127,0.007130339856857172,0.6766556138246264
Dram2,0.0027414419715973163,0.02915208971184643,0.001984776894409809,0.7239901172350433
Foxn2,0.0035174286232303987,0.035836126310058135,0.0023371702558007685,0.6644542096363327
Zfp263,0.021307289092545763,0.04242335673262867,0.014925315505153186,0.7004793261276361
Nipal3,0.01889700451937158,0.0387787082327212,0.012762865668474543,0.67539094121458
Abr,-0.019858978589242987,0.008325282040579718,0.013632678986293981,0.6864743282254403
Ndel1,0.019176286149206564,0.035214975695867734,0.013144171384704768,0.6854388426639441
Gm35106,-0.010529875983483908,0.0030116257267561266,0.007611121464507223,0.7228120707637253
Pdcd5,0.0003821452965777105,0.018830584868194528,0.0002772704995955825,0.7255630308122833
Shoc2,-0.01312768600302528,0.0458750606420639,0.0077906474994762585,0.593451694204211
Ift172,0.03907194646796514,0.05149080069212244,0.026082456498676406,0.6675494531622902
Eif4g2,0.006717917736700142,0.04005670007768795,0.0046109561355715195,0.6863668648965078
G3bp1,-0.013264564978648766,0.0011239859873200368,0.009187110087603999,0.6926054568990374
Rps18-ps1,-0.007308436250775907,0.007267926636210713,0.005274878268798297,0.7217519709826141
Srsf4,0.02916140352268664,0.04618978663607153,0.020785320082828983,0.7127681651762292
Eci1,0.0037453867063948444,0.016518773662634514,0.0025104939615225625,0.6702896545331793
Myl12a,0.028345929096227553,0.03266538232478052,0.01993858782683349,0.7034021625873268
Aff2,0.008495726898829823,0.04028633637827368,0.005513321342650002,0.6489522801644425
Gtf2a1,-0.005320020947381774,0.013349817130978369,0.0037260723872525473,0.7003867887186268
Senp8,-0.004136847251231755,0.018152082568006767,0.0028472532673906002,0.6882664731077089
Zc3h13,0.002544237343147553,0.02513654244882869,0.0017468213658004903,0.6865795640116833
Trak2,0.04804901299128887,0.06119333387903993,0.032909277861264866,0.6849105905095534
Eif4e,0.014783045098081501,0.029774473471270182,0.010170246005641884,0.6879669200875094
Sept5,-0.0061036457700946005,0.030835364030001644,0.004163922805979073,0.6822025659451951
Lsm12,0.00010491874224682046,0.015391516730688686,7.323923888817393e-05,0.6980567753650653
Tspan5,0.021076767833580208,0.02706123882058494,0.014404117464314328,0.683412066691042
Sdsl,0.022156097169946168,0.044905844588980316,0.015317772443450624,0.6913569806973292
Plpp2,0.007437527054351252,0.0491097751967937,0.004811098365774078,0.6468680154863292
Nucks1,0.002213725013218896,0.024844495878362346,0.0015902455520193006,0.718357312910777
Sec24d,0.05573858177351049,0.07349356008696939,0.038665233814748824,0.6936888701593105
Arid4a,0.019654476104257884,0.03433774670004974,0.0127310814708281,0.6477446360460394
Cdan1,0.004419637175507055,0.0242472612627132,0.003021164638247661,0.6835775241891999
Fxn,0.014935129908002729,0.020352888038166924,0.01019907164287943,0.6828913913506997
Rpl7a-ps9,0.006549273253172901,0.027392280116355305,0.004534322690263747,0.6923398238219822
Hnrnpa0,-0.002455369324483,0.024151242665480764,0.0017891332528090077,0.7286615642580473
Col4a6,0.022698570002290606,0.09029047032997864,0.015053806732557462,0.6632050711140975
Gorasp1,0.032558409590165406,0.050544573314942776,0.021686251704457885,0.6660722061500336
Adgra2,0.04794510195391206,0.05079616833886648,0.032966382752092654,0.6875860392117235
Gm6134,0.023995740107992845,0.032575514062294246,0.017642238431519137,0.7352237668902993
Eif3m,-0.01235017967878771,0.0040698286111656296,0.008821948145821424,0.7143173925618048
Atp6v1e1,0.025669079011321136,0.03214397560048336,0.01760609402975544,0.6858872506485495
Psmd14,-0.0034447451681054037,0.024288862743931185,0.0024955863129683888,0.7244618081113243
Nop2,0.008918808723373261,0.03014931400105966,0.0060623493188403255,0.6797263521251335
Cox15,0.012631758802362194,0.025064752847588696,0.00839519017344393,0.6646097590047391
Ndufb2,0.007231853074960265,0.02806493873096785,0.005073646140147326,0.70156930562022
Dhx8,-0.003607333126127427,0.022524975037767198,0.002549743790334209,0.7068223812951343
Ube2b,-0.01091325366455607,0.01303542648122741,0.0067656143848284864,0.6199447564205133
Pfas,-0.009673670456499136,0.008915793164201496,0.006770251623277432,0.6998637852842012
Gm7611,0.0010038479026988636,-0.0001820872053447342,0.0007240988143433421,0.7213232327293697
Erbb4,0.009351145715402116,0.03386233874009195,0.006368732497125418,0.6810644054701859
Suox,0.006004920765756854,0.030960177480696637,0.0042499131826550405,0.7077384279390048
Txn1,0.012270842778977779,0.027025217197249988,0.00845996184715164,0.6894360884197065
Smndc1,5.1902792843256846e-05,0.024384196948741766,3.6510097066167496e-05,0.7034322252450977
Ankrd16,0.019657176544498414,0.026662161757186737,0.01309694390450009,0.6662678068161126
Puf60,0.009641045373167807,0.028251759830171533,0.006837627828356047,0.7092205838368929
Sacs,-0.00023642671458212741,0.01972002618195281,0.00016229043190627655,0.6864301785570929
Snupn,0.013323850107630738,0.027803189080272232,0.009028671454220847,0.6776323195838125
Ipo5,0.009690435710041521,0.02251322341561379,0.006674317939083219,0.688753131313496
Rps10-ps1,0.010235246153878233,0.028790086460174776,0.007424742173391093,0.7254092438781051
Gne,0.0010911890010257212,0.04236176494530932,0.0007374523448365209,0.6758245768087043
Carhsp1,0.01488792115628669,0.029197663713663474,0.010318594399751324,0.693084970791514
Col9a1,0.18451297177176715,0.15691824922764444,0.11117925454164024,0.6025552213161638
Ubp1,0.0008315249849864606,0.022546908861563752,0.0005652911367871842,0.6798245957653198
Wls,0.016016023685861306,0.04364334333397926,0.010881326819541112,0.6794025179387676
Gsk3a,-0.006536693013657574,0.03030751774031194,0.004549996322899956,0.6960700637758768
Med27,0.008781420086074914,0.017157758780888745,0.006042100647135418,0.6880550739984121
Fgfr1op2,0.08617588948485483,0.06875469086860048,0.05506850936530869,0.6390245542517646
Cyb561d2,-0.005027719123360604,0.01983707527586945,0.0034271611919951006,0.6816532721709271
Wdr81,-0.007891231676459618,0.0301734941703274,0.005547191247345492,0.7029563285910554
Pzp,0.019724188231187337,0.030002536797435857,0.013191073867268149,0.6687765150411001
Rnd2,0.0012466841516960829,0.031103186451210293,0.000801125753691483,0.6426052281177805
Rpl31-ps11,-0.004423655450097435,0.0065108627168076775,0.0031499152572747736,0.7120616180008761
Ipo8,-0.004532267274352974,0.020905119100978652,0.00309922729364372,0.683813885200794
Ahcy,0.014170662399532555,0.034383718316699806,0.009627974794375231,0.6794301157504696
Cd63,0.0323472294690405,0.058683433431503264,0.023266387544404684,0.7192698702889816
Tbx15,-0.03750285831304004,0.015257678171296555,0.023317253553222457,0.6217460375577524
Arpc4,0.030341467525135276,0.04096200674986245,0.020273311822090807,0.6681717621369542
Twnk,0.04213998660410368,0.051737806413829454,0.028040567550888167,0.6654147238897679
mt-Rnr1,-0.0033736760910275335,0.008475566552868748,0.002065217843015121,0.6121565281586087
Rpl23a-ps2,-0.004170250970232727,0.012659133401995334,0.0029387185584074512,0.7046862597440873
Pibf1,0.01985467131010788,0.03317720300450639,0.013548783799595633,0.682397788811444
Eif4a1,0.039852621585582386,0.04479347844604078,0.027577204773579833,0.6919796910815155
Actr2,0.009853840744834788,0.03019182363696193,0.006979419385273759,0.708294315486299
Smad3,0.0048031399542902,0.019684314725460443,0.003218631235724089,0.6701098169852794
Mrpl2,0.0077956920409504695,0.03175014422498525,0.005353033357369788,0.6866655749419693
Snrpe,-0.004914629792636072,0.00011397718530154988,0.0035220293866929982,0.7166418500067487
Anpep,0.002222886021209041,0.0346809387071586,0.0014275925286391033,0.6422247992106348
Eif4b,-0.0003467742984032197,0.016842089012332417,0.00024257535696901278,0.6995194225350367
Usp46,0.017400068518215465,0.0417068943130256,0.011698346297105026,0.6723161052416821
Psmb2,-0.005028735696146038,0.026282990425375203,0.0036438779667741362,0.724611152176234
Ubxn2b,0.01632408368402475,0.03857369573594317,0.010941663751763338,0.6702773621818164
2410006H16Rik,0.01834218935541633,0.037198528266839344,0.012288492622480255,0.6699577888095208
Gga1,0.009049798056539021,0.02487689855408734,0.006077846063862365,0.6716001866440275
Fkbp8,0.09505670537059067,0.08981380272989105,0.06402812522152813,0.6735782075752188
1810021B22Rik,-0.008520226878724352,0.007493097229432039,0.00594655557788868,0.6979339473620916
Colgalt2,-0.00014571709950261902,0.01260378503485616,9.764240084532956e-05,0.6700819682701316
Nsmce3,-0.011268770116204904,0.012499676930837632,0.007805498370924512,0.6926663948623745
Gstm7,-0.020517682143152655,0.011572823374862005,0.013626176339506723,0.6641186974452752
mt-Tm,0.05369322835370341,0.062018909531334966,0.03543919510991441,0.6600309982565994
Rsrc2,0.02884077300585331,0.04555920837138815,0.01976966462067031,0.6854762393732652
Rrnad1,0.0011460754669171287,0.023214964258665566,0.0007768481107958735,0.6778332956428657
Dpy19l4,-0.0009844373753019311,0.005076202697826398,0.0006843624347571014,0.6951812801166803
Gm15132,0.0037525033434876623,0.006464915266381787,0.0026136932250446867,0.6965198924021372
Ghdc,0.02064822889985935,0.02575223107405564,0.013822469829107764,0.6694264140592667
Lmna,-0.013074842978237355,0.003997333813507852,0.008805766703855855,0.6734892892031485
Vps33b,0.012122951456158871,0.031145527237185198,0.008085162573994562,0.6669302111151344
Nespas,0.023286589377383895,0.05157624044620379,0.015173385259074757,0.6515932845799763
Amn1,-0.012433849316923127,0.026453262638948597,0.0078336860240076,0.6300290299759012
Prpf18,-0.007382952194787771,0.0023285513873270965,0.005096429183039719,0.6902969230435632
Mitf,-0.015903743715628818,0.02005927362562329,0.00989293941809265,0.6220509834027776
Ythdc2,0.008910699891218217,0.023196521384328865,0.0059964777448950025,0.6729524973458848
Rbbp5,0.016001029134470355,0.0398267619701483,0.010789597889687948,0.6743064961018266
Smim1,0.015367997718867746,0.03091877387622189,0.009936574366627999,0.6465757314909393
Hdgfl2,-0.015167337781463598,0.01866467310560706,0.010205322884762894,0.6728486588618793
Hmgb1-ps6,-0.019915061880036965,0.0177170357521999,0.014833380225162963,0.7448322437818823
Elane,0.003343807718702835,0.0163621082532473,0.0023847635207575753,0.7131879944588135
Gsn,0.009108147202930999,0.032930754105318434,0.006290304025815172,0.6906238871272254
Msi2,0.0035692409722585263,0.024784136634577163,0.0023926209758286525,0.6703444778385647
Cops2,0.012582273092545705,0.036637373359253544,0.008736007838522273,0.6943107794805272
Pdcd5-ps,0.006115142491282467,0.026134443589095308,0.004081332182688403,0.6674140771873439
Oaz1-ps,0.0064272739113031135,0.027116423012163254,0.004404495152503747,0.685282004981603
Nrxn3,0.01324857581927888,0.028218298324731415,0.009370609722838449,0.7072918516420953
Trim41,0.011910382865254955,0.038023267338647165,0.008084293759536905,0.6787601919263618
Tmed6,0.0368051556541183,0.041001166102070496,0.02443612276367984,0.6639320586855219
Zfp26,0.009323558731561352,0.031183580322954537,0.00611652388583915,0.6560288900346593
1110006O24Rik,0.004468368438961045,0.018530332016624594,0.002976602922817542,0.6661498404795021
Gtf3c5,-0.016010944403234913,0.0071970186864724174,0.010659612070246842,0.6657703506916889
Ctsk,0.03189724564797045,0.03338615719705375,0.02092885066631857,0.6561334761407596
Phgdh,0.009329992416594976,0.025782036748275228,0.006135196192539626,0.6575778327136834
Rpl7,0.01989240130271828,0.029358328536425202,0.013978363417961935,0.702698643830989
Csnk1d,0.012970758467825385,0.03403463617414111,0.008861562965675767,0.6831954343809051
Sucla2,0.012945036965161244,0.030149206403567975,0.008615347206642627,0.6655328393290002
Trim34a,-0.011892737657500579,0.018551822168190547,0.007992853211874795,0.6720784937885027
Prlr,-0.015497075617190487,0.0023081103526153765,0.01029950432772845,0.6646095419643876
Srxn1,0.023976439675612207,0.03157500223708621,0.01628850904247498,0.6793547859002163
Polr2d,-0.0023335878411642075,0.032008940231712205,0.0015809744675898418,0.6774865894060824
Rtel1,0.010826695467955491,0.038035581325233186,0.007200201648846496,0.6650414865881675
Tor1aip1,0.012183627235115521,0.03353111734641088,0.008372593348449264,0.6872003867877592
Oasl2,0.05927103922534583,0.07537317344234884,0.03903096750995482,0.6585166722243697
Mchr1,0.018270913591240015,0.04087767323101261,0.012271314321831461,0.6716311289280542
Pmm2,0.08259188496551075,0.09171063799503708,0.051373405422774715,0.622015170669946
Pfn1,-0.01543325809825751,0.02457803015885468,0.009931363034741394,0.6435039815645079
Ctc1,-0.0008439021243982041,0.030199257331671774,0.0005635856651636707,0.6678329735993612
Ube4a,0.020190693853609373,0.051821372302805334,0.013724483218452316,0.6797430201240394
Mir7093,-0.006578643281853402,0.020397644602752334,0.004418659404563853,0.6716672747331245
Tmem5,0.022975653581851233,0.04335533320767884,0.01521203183112166,0.6620935407529752
Rbfox1,0.0010156656679326185,0.03216361490926506,0.000693488339185595,0.6827919472725571
Gm10260,0.0016668301600814863,0.005715578085357189,0.0010600522880097184,0.6359689867610121
Tmem14a,0.006393066873442347,0.01341201962490418,0.004321943483075129,0.6760360197433659
Nap1l3,-0.009456177968459096,0.016758966314293005,0.00653464116494089,0.6910446468686464
Gm6366,0.008344264260977933,0.025969662619710208,0.006045113810383544,0.7244633704440069
Rpl36-ps9,0.0016458933347763868,0.016075039771597507,0.001156728606051351,0.7027968226194351
Ppp4r1l-ps,0.006664957065552653,0.02547418941782923,0.004583138746134336,0.687647152270786
Hbegf,0.00874741011671091,0.018535746635251166,0.005716078081778973,0.653459481779535
Glud-ps,0.008634828726351636,0.033514596538311466,0.005923441310099934,0.6859940709678315
Ppp2r1b,0.0018499125698587362,0.026179336690613387,0.0012301615507116564,0.6649836163909058
Eif4enif1,0.007703207654718392,0.03945470570454248,0.005266390248726254,0.6836619866401329
Csnk1g3,-0.00955962544274594,0.019854202267079412,0.006724907885836449,0.7034698091586278
Ywhaz,0.006139845327717277,0.019938388152143827,0.004089452332707409,0.6660513603243845
Tsga10ip,-0.04112773280800518,0.00466255334978931,0.026314639033740633,0.6398271248401688
Ppp2ca,0.003663358047110749,0.012011477875085299,0.0024309666809316133,0.6635897036733525
Rbm4b,0.010122772538185469,0.024983813941349423,0.0068033174961249394,0.6720804473736056
Commd2,0.0049894806299369,0.014531444613369011,0.003299822425755806,0.6613558946309684
Etf1,0.014168083610132349,0.02366255310886765,0.009632046604082348,0.679841174652157
Dazap1,0.01247192556841349,0.020966180863968977,0.008353832068670972,0.6698109303849569
Gm10080,0.007272619597894863,0.011264168446777141,0.005107594222423332,0.7023046034061482
S1pr2,-0.05288049433889389,0.02288480684942586,0.033777311066608626,0.6387480202083744
Snrnp25,0.010686041273178364,0.021023913669957452,0.007044475032695332,0.6592221434121491
Mfap5,0.0013644471458233198,0.013818753920058753,0.0009111659017681041,0.6677912768972069
Rps28,0.011542265574574962,0.02389910354852044,0.008119603922462557,0.7034670853829802
Eif1b,0.012671563057909657,0.02278701934318172,0.008414933498358356,0.664080150167876
Rps16-ps2,0.017908166624336044,0.025520559899615027,0.012494872657316879,0.6977192539819879
Serhl,0.01787146668336653,0.03345169630526963,0.011806591596164259,0.6606392080373001
Gm16283,0.003822609775480403,0.04088972040659936,0.0025411131076699092,0.6647587007100554
Usp21,-0.00016702564877366845,0.028085498832766377,0.00011401658196633889,0.6826291818260763
Tomm7,0.012168294099413711,0.02738327632321191,0.008178122335639013,0.672084539445266
Isl2,0.057513798668839454,0.07618104123336482,0.03662803433651809,0.6368564620017506
Kdf1,0.0055385858030249655,0.03420087443345454,0.0038372194113270347,0.6928157381314362
Pclo,0.01143458247149123,0.03061825333691692,0.007470810919321559,0.6533523141704413
Csnk1a1,-0.00871272649830752,0.021203751785212843,0.005890100647499395,0.6760341494299825
Epha3,-0.00820704655913247,0.035879219840492145,0.005156144317468973,0.6282582023043872
Ssr3,0.04811387521373001,0.05645452881815462,0.03139234187488566,0.6524592279344689
Lst1,0.0033377940370545736,0.02258437813013583,0.002252324712541586,0.6747943963999479
Rasl11a,0.008008741099725861,0.020928903043660855,0.005025191238334923,0.6274633148656703
Skap2,0.009307383107958865,0.033186234746761446,0.006281402905751262,0.6748838887248504
Pcna-ps2,0.008471380755681846,0.03462764491538497,0.005897521376601267,0.6961700278488528
Cxcl12,-0.17571038034492498,0.01244681616999803,0.10426839839337142,0.5934105781837663
AC116587.1,-0.022206984909909164,0.0017737174631425258,0.01579779039494248,0.7113883518646071
Tpmt,0.01795400604331531,0.0248530024209383,0.012375143878839139,0.6892692276577844
Cmklr1,0.03164643126899972,0.04556827625053876,0.020829281374591793,0.6581873702453074
Lrig2,0.050348278057306545,0.047615965568056105,0.03153904550001003,0.6264175601817444
Hnrnpu,0.0022572203377349,0.03359024107386589,0.0015765084345275516,0.6984291290364518
Ltb,0.016162962148479874,0.04735929870242642,0.010184145007956827,0.6300914964968005
Acat1,-0.012634196740432502,0.022945008267099595,0.008614365040373429,0.6818292620697733
Cox19,-0.021111389784571444,0.005570505065123894,0.013455169039438808,0.6373416992789395
Cldn9,0.00625215887343883,0.026413946917415,0.0040318643059934515,0.6448755362123154
Gle1,0.04935108879174116,0.06608816882276856,0.033213129936306256,0.6729969034009322
Taf1c,0.008347840166869116,0.016429066265690344,0.005561186014696539,0.6661826177228163
Gm37136,0.0019771178635305674,0.010864536424750059,0.0013041662567621376,0.6596300002232894
Nudcd1,0.01725094662771707,0.03411914919349495,0.011476771890525407,0.6652836008480657
Timm10b,0.005685070122578125,0.04011915512779578,0.003795384287525077,0.6676055362011799
Chmp3,-0.009197716271515666,0.017209396586451032,0.006075438614009598,0.6605377285690553
Tceanc2,0.01729056146593424,0.022855030214434476,0.01141493685439446,0.6601831222707314
Arf4os,0.029348161197013254,0.05874778248475874,0.02024712024330414,0.6898939973576498
Ago1,0.02978950350356326,0.045195314349835355,0.020222714528528803,0.6788536950980023
Clic6,0.05390726694809015,0.05263449473522421,0.03583394474544111,0.6647331013821811
Gm23119,0.01932517166675666,0.019961889736819213,0.013474509569625221,0.697251739957591
Htatip2,0.00017377492568708137,0.021144208030499698,0.00011439870120430538,0.6583153510323148
Nusap1,0.00022188613523502562,0.019610190306747554,0.00015815149869580696,0.7127597158258229
Gzmm,0.032176178178903246,0.04489631729160959,0.020932386361513698,0.6505553967636314
Tnrc18,0.0018195393138876346,0.02644495847724371,0.0012126428054025423,0.6664559518703693
Mgat5b,0.002717521930720371,0.012683154421409474,0.0017492543435033727,0.6436946556820146
Ggnbp1,0.013616752783263792,0.032271104191709886,0.00873982011395597,0.6418431951484052
Btd,0.015272444326248974,0.017557889459831708,0.010766167676969243,0.7049407054288797
Polr2e,0.0019398425476443006,0.02358242710522331,0.0013060783814105895,0.6732909240477587
Snai1,-0.015179377215103453,0.02254610965750858,0.009606610616411703,0.6328725138244238
Crispld2,0.011944384524180632,0.03360144238525647,0.008073788218922547,0.6759484511384983
Tomm20,0.005019452639005724,0.013538886517233263,0.0034372649223285917,0.6847887946223278
Tnfaip6,0.01971799776525838,0.046320773321037775,0.01232716993790872,0.6251735132878583
9530056K15Rik,0.0235374872678574,0.04452405212553129,0.015835330246337133,0.6727706346106762
Brsk1,-0.008990858357511127,0.017976866261143525,0.0060944313434201005,0.6778475537131226
Hspg2,-0.005797444190423634,0.024791973511147515,0.003812609242503869,0.657636213006006
Polr2h,-0.005881028503846261,0.01315363354515475,0.0038670501458436,0.6575465742623938
Mpped2,0.005656892445448409,0.03084910619245746,0.0038495010814189787,0.6804974848896632
Reep4,0.048288311283866625,0.05826734422445743,0.031435821975526676,0.6510027197001927
Dctn6,-0.005163022798172555,0.008938672703837684,0.0034976066756487426,0.6774339011028028
4833420G17Rik,-0.009285418188171978,0.013287430768108786,0.006043274457535363,0.6508349258015598
Tmem164,0.03920852751045976,0.05387052311332063,0.02566818268678637,0.6546581653682048
Psmd9,0.004996387704052562,0.03708708600775953,0.0032941424124654285,0.6593048033069081
Timp2,0.037553974755315515,0.05645091229726909,0.02373550067890602,0.6320369770059139
Nrip2,0.054191496574809934,0.06067592498675736,0.033423008860971146,0.6167574430211862
Gm10110,-0.031004418295790728,-0.011098920373032794,0.021538807103032784,0.6947012163733118
Rps12-ps5,-0.0060799985885281755,-3.3173005595749825e-05,0.004116848694421096,0.677113429300596
Akirin1-ps,0.0027128251048367967,0.02207882164693878,0.0018208977274059212,0.6712182529420622
Efna4,0.0031748655727258813,0.05188872055124579,0.0019613233069040864,0.6177657799917904
Pitx3,0.0014593999185047795,0.014509958694557007,0.0009493551063951387,0.6505105929893401
Zyg11b,0.012887232810352083,0.03763889174206192,0.008439204165415456,0.6548499813424954
Gm8419,0.013134980723324948,0.009952827004281538,0.00827712610559596,0.6301589838573219
Rpa2,0.007618761262067256,0.01769455544594243,0.005256462390346708,0.6899366195549265
Pald1,-0.014391758286916911,0.020417200533782456,0.00921959108805687,0.6406160320548259
Zmym6,0.01925679877670818,0.038725873444624775,0.012466049714810417,0.6473583620704689
Bmpr1b,0.01580477128404843,0.03175061955201773,0.010262807381937194,0.6493486806920974
Zfp663,-0.008019357167435544,0.015440907589448391,0.005336435688620346,0.6654443214339147
Eml3,-0.010255644714832314,0.031884460088341095,0.006790985489873308,0.6621705098707044
Sqor,0.02281788789372149,0.04794417725944329,0.015059974600590094,0.6600073885337107
Ap2b1,0.019222954261596835,0.02867250343658292,0.013108295184510798,0.6819084624624135
Mcm2,-0.00329340584566595,0.008520376433689853,0.00220064740239562,0.6681980616788008
Grrp1,0.0016087369035960295,0.020725719013951188,0.0010590464625392555,0.6583092985384719
Ttyh2,-0.0019086198171195466,0.03274044658632648,0.0013312942939341336,0.6975167511061988
Mrps12,0.008529287919744328,0.021796778085269867,0.005688567887826327,0.6669452293500306
Hand1,-0.018391386959512188,0.011885402409365827,0.011141623503608384,0.605806594583441
Brd1,0.015639460635204838,0.03603029019150908,0.010370444809869324,0.6630947864356127
Polr2i,-0.00963932755437865,0.005612439568574338,0.0063934792000592145,0.6632702503355626
Glud1,-0.012984036927210833,0.0044998937260892,0.008495641914450817,0.6543143678717039
Csde1,-0.029324837087697266,-0.0006698153756394681,0.019671350349812836,0.6708085126265071
Nsf,0.008472369990270146,0.02564596954487852,0.005811120594204939,0.6858907957134257
Capn15,0.013377290602479002,0.03242327461682742,0.00853392920269687,0.6379415276450234
Polr3h,0.0029323965101930474,0.012241308833796085,0.0019316737765506936,0.6587355324684677
Narfl,-0.002649350647599185,0.01709516916052167,0.0017325089683075286,0.6539372090581934
Atp6v1f,0.0197684579418648,0.0252953908000218,0.013579896024979238,0.6869476650589074
Zfp354b,0.004121080637760194,0.03809908334476329,0.0025880444564098702,0.6280014112551974
Hcst,0.007526437360388459,0.022177399901140222,0.005236280138070571,0.6957182910508289
Usb1,0.002925353794607632,0.02267248364857638,0.0018369504273421447,0.6279412872139551
Casp2,0.0032590318993492816,0.026436943912919852,0.0021693371308278363,0.6656385079449452
Cecr6,-0.021074334984638825,0.007508067031048173,0.01436351503235317,0.6815643313453449
CT010444.3,0.027381551191413167,0.03595107962421074,0.018796662324557935,0.686471785077412
Polr2f,0.01876082006627913,0.02428863355083364,0.012417726039569307,0.6618967612129623
Sertad3,0.012589652931913829,0.04315647550296283,0.007821551302163297,0.6212682227590445
Blm,0.004357359503794665,0.017631172466706573,0.0028554730915627082,0.6553218959959538
Rbmxl1,-0.04704094003271313,-0.00752630029803717,0.029434912231227024,0.6257296773992495
Frmd3,-0.007387880706644903,0.030169749537579168,0.004773471129027782,0.6461218471941981
Snrnp48,0.008855517628986538,0.027894685957627292,0.006042516909174046,0.6823448568828129
Gm7535,0.014376231251219444,0.01429452314938253,0.00985562924739073,0.6855502721935375
Psmb4,0.008087925672698122,0.018512401633988138,0.005615948354818068,0.6943620134610602
Gm9833,-0.012346020657030768,0.005446137837167635,0.00861595510970364,0.6978730514918632
Hnrnpul1,0.01167810915793364,0.023990334091844992,0.007677458162706669,0.6574230518723069
Serinc2,0.0292228407809021,0.03434354523991081,0.01835833241953757,0.6282186101337289
Echdc3,0.0007284507869012878,0.02928892653212411,0.00047546597177830285,0.6527084331954097
Sf3a2,0.004559560698071503,0.02445167271224175,0.0030760714659368977,0.6746420696270021
Psmc4,-0.0033110143426954932,0.016479246879691357,0.00221683069009648,0.669532191845403
Cnnm3,0.0010718823652650046,0.025542858032887483,0.000726611562439223,0.6778836801364678
Mtf1,0.011913610921738486,0.030127978614035957,0.00768672478626034,0.645205289710658
Nck2,-0.00655254114148157,0.013565450066855484,0.004290577675056449,0.6547959917251772
Csnk1g1,0.004795944470210458,0.03799777710539051,0.003266240901089683,0.6810422683952285
Dcun1d4,-0.001719266061311176,0.022314013454591906,0.001149304922385822,0.6684857848641063
Cdc34b,0.006725683561740729,0.02248253266990887,0.004498605173821815,0.6688695851544781
Slc37a4,0.0027160226349943976,0.029714121873528475,0.0018183210221339153,0.6694793330165549
Rpl38-ps2,0.029422130926012608,0.029380618413882825,0.019790750881585852,0.6726484540277983
Sec22a,0.031618313946322266,0.05389483575718558,0.020589065681407843,0.6511753193532539
Ctdp1,0.023789576686893833,0.042160320385046614,0.01546675996637984,0.6501485995293391
Robo4,0.01880134731223993,0.0363302055143061,0.011777682034623286,0.6264275553782178
Ube2d3,-0.00273539428453804,0.005920919446000901,0.0017292885866632037,0.6321898807927245
Eif1,0.006792580601369543,0.016682847338000465,0.004720646786646092,0.6949710373247981
Kptn,0.015991255113072006,0.03440658980271827,0.010347447452103722,0.6470691249022242
Llph-ps2,0.050112659245538496,0.06571638536657727,0.03315124396583404,0.6615343201685207
Wasf1,0.013522177730082284,0.031859127310619906,0.008688674491511145,0.6425499401758176
Cdca5,-0.030522865352782973,-0.0009853478125089082,0.02059831482197344,0.6748486612871473
Mtch1,0.0021094930125682304,0.025237364560568607,0.0013835019195235542,0.655845699075908
Adcyap1r1,-0.0005082506810839484,0.033582345404252464,0.0003356235900432568,0.6603504973716334
Yeats2,0.006662272237606028,0.0178625843359209,0.004340904875189285,0.6515652198489437
Prpf40b,0.026034576122152785,0.04184780661920319,0.01677459425683138,0.6443198528804892
Eif5b,0.012630428823504432,0.02180589584122447,0.008190669276704844,0.648487030104831
Rtn2,0.02264064093441514,0.02630683835954167,0.014619299881226332,0.645710513389403
Tnpo3,0.017805470973609676,0.045877779065613106,0.011731883468511142,0.6588920610917575
Smarcal1,0.0017411002183578316,0.02386035606289489,0.0011765724630667146,0.6757637789376838
Atp2a1,0.003061437703926948,0.03259914250575323,0.002038652253259901,0.6659133552333578
Pnmal2,0.008839828971161734,0.0327161819483627,0.005725742347475803,0.6477209419045269
Ascl2,-0.004906476566165191,0.02042648174929367,0.0032198864057506214,0.6562522743825563
Ccna1,-0.018504817581336954,0.004301343883896958,0.011620072537670676,0.6279485051173975
Fam92a,0.009410548012848047,0.03059714370601833,0.0062442975294505374,0.6635423910409164
Nek4,0.011074768442561023,0.03598503404407297,0.006959917633709102,0.6284481404560754
Nudt2,0.0019499285022411736,0.021772810284723856,0.0013488267194572425,0.6917313726667169
Tbxa2r,0.013787116698898667,0.03804116589031375,0.008815076260940611,0.6393705408792812
Trim26,0.00827427856228084,0.02386151181833771,0.005346401408943406,0.6461471376266607
Reps2,0.03158872488699123,0.04917814325318327,0.020985794106930362,0.6643444514461129
Cstad,0.006767846483147114,0.015122135510567474,0.00446400904682428,0.6595907661233582
Hap1,0.21670318206614028,0.15657804774533832,0.10985997763495557,0.5069606112263966
Uggt2,0.030163487989316243,0.061399825807875605,0.01909466281001279,0.6330389514891654
Strn,0.015128949751238203,0.0475972218142151,0.009865048789732852,0.652064350264992
Hbb-bh1,-0.03448757177041846,-0.031639479848787434,0.012470112969589409,0.3615828059047516
Dlc1,-0.0077448716255632336,0.018425624312025466,0.004927614461507165,0.6362422387018988
Gm10241,0.021864234593389473,0.02876239716495793,0.014756368658274366,0.6749089978542341
AC153544.1,-0.016161135564420056,0.009616194398035625,0.011108111392342489,0.6873348316437505
Filip1l,-0.0038488326721851803,0.017549355804854495,0.002512066111661805,0.6526825990165938
Trib3,-0.04369639059535954,0.027007414811098522,0.026428345157467312,0.6048175786920474
Rpl34,-0.00617325823636989,0.0035035362301996656,0.00415075073174814,0.672376008392764
Rnf19b,-0.0023688543208235727,0.021813662121992212,0.0015188085824128098,0.6411574443652449
Zfp637,0.0009769631806680037,0.03153662787791544,0.0006361346782170615,0.6511347518563607
Cdc42ep3,-0.004056410522735203,0.02644815595490568,0.0026482273719314283,0.6528499413678059
Zfp90,0.017109796205509,0.025957771401114004,0.011205084621802185,0.6548929331019373
Ugcg,0.05094970823555407,0.05391546505485164,0.03284059210998751,0.644568796314921
Rab10os,0.00830727411230372,0.022490258928027425,0.005323634457701876,0.6408401102134283
Ube2l6,0.00941107596551561,0.03172710740888819,0.006349535403575719,0.67468750936045
Eml6,0.03940150958682631,0.05624357030643304,0.02404349352376102,0.610217572267836
Yrdc,0.021573032711727978,0.039895955359188946,0.0139454864947649,0.6464314350751235
Gm37475,-0.008478510292903961,0.009765883809744268,0.00572621429496086,0.6753797656828205
Srgn,0.0014964452043404973,0.023524772723193636,0.0009671426094083049,0.6462933668423476
Snrpa,0.0023042817065674647,0.013699783021707993,0.0015240099859987622,0.6613818013896307
Gm15607,-0.007893953437740329,0.01591772391284073,0.005326789894759288,0.6747936806027196
Mcm10,-0.01038984729232906,0.006377343032671245,0.006944834368512901,0.668425066616749
Txndc5,0.009312299590101157,0.020073638836646205,0.005937898092503765,0.6376403631618195
Ehmt1,0.008606162923090797,0.03368050127193727,0.005711901549629138,0.6636989795189445
Gm8805,-0.015191777349069584,0.004641556751932277,0.010418613433447082,0.6858060906273858
Foxp1,0.04502221174013559,0.05468437225377068,0.025799644300334282,0.5730425783888107
Dpysl2,0.029692176501189015,0.03378007974885686,0.017366313652336395,0.5848784325945579
Firre,0.005197335583702657,0.01974519421141304,0.0033695173332720296,0.6483162918780658
Cnot11,0.0070775053583919546,0.024730377839899134,0.004565435031956583,0.6450627446778611
Spr-ps1,0.02143425032584274,0.0497408572592509,0.013781126361369007,0.6429488389782145
Dab1,0.030837698271875685,0.044000181274335366,0.01875677977935439,0.6082418867318894
Dhx35,0.014367070088241844,0.034629203242456906,0.009129833051682358,0.6354693751479856
Idh3a,0.0011710612604195487,0.01933156427279337,0.0007531997598179916,0.6431770781557128
Bola1,-0.004449409088491001,0.014011497014657462,0.0028694072796639335,0.6448962598395468
Col25a1,-0.017727513872122316,0.034325943761933535,0.011218441098911217,0.6328265305465621
Fabp3-ps1,-0.020325544753784255,0.007431735753563772,0.013789634193616833,0.6784386032777522
Dtx4,-0.005984203125328485,0.016075091246743615,0.003972598922183645,0.6638476066043599
Gatad1,0.008900089579091596,0.03102572185748506,0.005818128314025033,0.6537157027827208
Tbca,-0.0020008248779200513,0.02288630422078632,0.0012840358945918288,0.6417532632474275
Gm5876,-0.0037103603169454146,0.011285242194225659,0.0025148798541530246,0.6777993616057808
Sf1,-0.008892580459393952,0.020962442997302516,0.005910030438405926,0.6646024138204657
Pds5a,0.018695740080332913,0.03154013844687925,0.011938911926985108,0.6385899609047471
Srp72,0.0057770236899986095,0.026571273673923018,0.003846494209451713,0.6658262828506142
Dnajc4,0.010678975367114539,0.02767524415378836,0.006796107565587745,0.6364007156076112
Tymp,-0.020111141248958204,-0.0006735989537742621,0.01301499246449938,0.6471533516365503
Mbtd1,0.010444902901048554,0.03454455975977708,0.006840754026579693,0.6549370627364048
Jtb,0.050100149508356395,0.04652575318442795,0.029816734092257383,0.5951426170351874
Epb41l2,0.0030550223790055194,0.0377250125453624,0.0018901336595711807,0.6186971567083783
Mpped1,0.0024461794211168126,0.040291661870186374,0.0015330019166271505,0.6266923445571513
Kif9,-0.01001810025398144,0.022994245950446354,0.00631627096101426,0.6304859006081536
Eif4ebp1,0.016120161453119244,0.023993602007934788,0.010969137657591456,0.6804607813322447
Magohb,0.03229021946073481,0.054597487333186215,0.020555829005782435,0.6365961380590337
Gm2221,0.02982435172611222,0.042061886156515745,0.019336107130511364,0.6483328559186067
Ndufb3,0.005524889037121369,0.020022321974156383,0.00375370291111238,0.6794168870888618
Cyp26a1,0.0027442815384308814,0.026628160385157196,0.0016525503402566187,0.602179593133695
Sdc1,-0.026474135446010193,0.03225201986288974,0.01593143841126951,0.6017736988525709
Ttll13,0.03883234143273619,0.046356116140736404,0.025061107271386628,0.6453668861249705
Prdx4,0.04240940044850981,0.06440875400577445,0.02704958686452518,0.6378205439939355
Ak1,0.015777278952069654,0.03495531636966979,0.010350097552500758,0.6560128387121557
Miat,0.020532154428136388,0.02243499081715092,0.013163071980247432,0.6410955083315232
Taf8,-0.013528782505549366,0.014182479891880304,0.009032254365161906,0.6676324614914142
Mob3c,-0.0039000919865621437,0.01990590577700575,0.002507547828964056,0.6429458170740253
Nap1l5,0.01836593285685651,0.029369672871371984,0.011635997023874281,0.6335641709334814
Hax1,-0.03252646393395673,-0.04389214937701973,0.01051309511523757,0.3232166624870092
Xrn1,-0.006799636522404426,0.01610547009937215,0.004333338426005232,0.6372897156674657
Aff3,0.021943697693186142,0.04986613791065117,0.013677652814435916,0.6233066553173962
Mab21l1,-0.030788059592917125,0.012795458840014914,0.01821403793257103,0.5915942145558669
Rps19-ps10,0.024378106314188942,0.02499431614179982,0.016278828387148978,0.6677642708315744
Irak4,0.0026912331842264088,0.022495425644725058,0.001733053494760564,0.6439625911712766
Hmgn2l6,0.0002048467763847276,0.03009133188267734,0.00013036413625988293,0.636398280513055
Arl2bp,0.011633599484050747,0.0336433130254143,0.007350887597008495,0.6318669992968472
Paxx,0.00774968861648443,0.04481655033829346,0.0050738373222771185,0.654714992223625
Klhdc1,0.03904085794367454,0.06448139244636035,0.024537543503919984,0.6285093308994659
Mrpl33,0.006862219246235775,0.02110521941629889,0.004418922190715372,0.6439494327056575
Rtca,0.0031116800631249605,0.028004116837326176,0.002034433274388791,0.6538054147975854
Ptbp1,-0.026969811097751695,-0.007177862755571974,0.01703326497373913,0.6315678264116239
Dapp1,0.008782535599760945,0.016370269997708423,0.0053553651167878935,0.609774370505673
Pgk1-rs7,0.01963028878772963,0.04314462733960942,0.012544111266270164,0.6390181724739146
Zfand4,0.012387351835694503,0.01846397661501794,0.008050866230704274,0.649926339179733
Amot,0.0222433900131432,0.03416691294702299,0.014194195505446431,0.6381309457353105
Hnrnpl,-0.003529758722225203,0.010010348964029941,0.0022725594113939844,0.6438285419013953
Arid1b,-0.002879002590612472,0.018915116144851828,0.0018507006812729437,0.6428270288145973
Hid1,0.03602911707620669,0.04391398636558693,0.02276832018046501,0.6319422186313026
Thyn1,0.0016720935591622297,0.017645300756143237,0.0010868596419850763,0.6499992993990279
Mrpl53,0.011075945790409897,0.02812002683321787,0.007005908637744456,0.632533669838879
Slc25a10,0.009969661770082438,0.023124554983376507,0.006326287052986491,0.6345538292954727
Crcp,0.008735011047248161,0.017229746706367174,0.005517013465381373,0.6315977662237104
Zfp52,0.00880247715892509,0.031075857485067516,0.005426959414580498,0.6165263841756118
Gm21981,-0.0016975632017897885,0.019355130874775816,0.0010580020677606941,0.6232475271879203
Zfp287,0.025363660119757,0.04013474110964214,0.015735356466232468,0.6203898172399585
Ints4,0.006854791783477315,0.021939973886437755,0.004471293720200091,0.6522873139600868
Sin3a,0.018335747570707103,0.0418926234058671,0.011831642499520428,0.6452773443730471
Cycs-ps2,0.0044447274124656405,0.02181991685861608,0.0027643149864377795,0.6219312749495071
Gmpr2,0.005740628387272183,0.022479977621213947,0.0037256818846525814,0.6490024494379336
Fas,0.018975628138009376,0.041673105862465865,0.012487302637191043,0.6580705811882027
Smc1a,-0.013369332131420438,0.0142594507371818,0.008423434882016507,0.6300565203417944
mt-Tp,0.03111209972174393,0.02698526650852221,0.020456344930807654,0.6575044794071203
Rlf,0.011323727662773671,0.028105331830219446,0.007029329168646938,0.6207610583708749
Rnf13,0.02046938129551898,0.0345540605529057,0.012742465547901352,0.6225134684794233
Asah2,0.02721835691499559,0.041493189212907344,0.01693171777151157,0.6220697973940986
Adpgk,-0.01643261259227047,0.025748173317575097,0.010910093282118867,0.6639293186556792
Eif3s6-ps4,-0.0041997202783561685,0.01723622981726887,0.0028407601777685077,0.6764165205022709
Nrp1,-0.0033049307852992104,0.023305902590377195,0.001909460130529257,0.5777610045640895
Tia1,0.008455488061543948,0.030965910882859448,0.005463163440317173,0.6461085865834237
Shh,-0.014551519181320062,0.0010448287577386254,0.008494029836191581,0.5837211723636015
Isy1,-0.011637304894134098,0.009058896796634974,0.0074258797017150695,0.6381099205760399
Nhlrc3,0.01995156543331954,0.015543239426520214,0.012717649796039582,0.6374261628012825
Gm16712,-0.012422345626235983,0.00346224953787833,0.00793796184894425,0.6390066810071104
Pak1ip1,0.018539327278874796,0.02751585884656045,0.011950525642493708,0.644604060478025
Jaml,0.02217321042746097,0.031365866119412375,0.01368903610364984,0.6173682493310174
ERCC-00035,0.0105475454655072,-0.0008743160625928786,0.005884969332603804,0.5579468087479643
Chchd7,0.017459445393572904,0.0288505830440496,0.011124114076541925,0.6371401740307792
Snrp1c-ps1,-0.0034838978638016983,0.01917166293903096,0.0023804515127870784,0.6832724740642891
Arntl2,-0.014500758159486227,0.014584749837399415,0.009398473938682704,0.648136727425823
Sox11,-0.0021049239599479725,0.012976466922357877,0.0013564008652794763,0.644394235178454
Chchd2-ps,-0.0008510652293864931,0.013863555638554279,0.0005303829821082096,0.6231989791082717
Wiz,0.029071094876179274,0.02711921691211677,0.0181863259386459,0.6255810459188345
Stag1,0.024120254870750934,0.030090828231261843,0.015526493988440047,0.6437118542751394
Elk1,0.039214953276533335,0.05379765113883947,0.024310335186604047,0.6199251345570677
Rbms3,-0.030670527392105205,0.0035778488842600612,0.019463197194826056,0.6345895832177966
Higd1a,0.0038526882440443446,0.029305637097229106,0.002499012567431833,0.6486412627066093
Dnmbp,0.003099357370042319,0.01700683313454035,0.0020143936720665007,0.6499391427194458
Aco1,0.014955872978894658,0.03442380921175551,0.009935340535493156,0.6643103046885763
Glo1,0.0028684921423582743,0.00981132214776744,0.0018307087861809215,0.6382129339478826
Ddx43,0.01223300447977689,0.02770438930935388,0.0077114153697835025,0.630377875078171
Mir3064,0.006115268686867844,0.026606423887384687,0.003897710770119392,0.6373735921840166
Gfod2,0.04911897591527704,0.05352519746436108,0.030647550214568595,0.6239452196118885
Smarcc1,0.015865306272738355,0.03371917230476314,0.010201502056102214,0.6430069411034088
Rarb,0.0410886523520284,0.05731922915492763,0.02603332631701716,0.6335891986423835
Calm2,-0.017526579322032897,0.011570241675017544,0.01108247165751173,0.6323237098285236
Vwf,0.02334618039050922,0.035289289257508634,0.014970445918873372,0.641237481612162
Mrps2,0.006560023481393351,0.017959283381732895,0.004226593870902117,0.6442955399306569
Rnf39,0.009504222816625725,0.01816060466973294,0.00608516318400938,0.6402588934851792
Ilf3,0.021611073340682244,0.042917462957266776,0.013579675010724759,0.6283665228770197
mt-Nd2,-0.012428664115166882,-0.009199574702683027,0.007705275136287554,0.6199600427599209
Naa10,0.01458229292589272,0.031149586383058186,0.009223546870090929,0.632516910541095
Ddit4l,0.03690515997830202,0.04874743968483843,0.02400607821788096,0.6504802643314666
Gm27533,-0.038744402204258635,-0.004776673318215895,0.02348182043597597,0.6060700152806833
Pcgf2,0.015969472949477186,0.03501606768349717,0.01013671665864606,0.6347558676930486
Lsm14a,-0.011359687707507284,0.01646456656399548,0.007225687794953124,0.6360815526801744
Igf2os,0.07036593746127447,0.08201916250439825,0.04540280962536291,0.6452384671255196
Ppp4r3a,0.009461943696640197,0.025496409004106046,0.00587809891275924,0.6212358793517732
Epas1,0.003630947378640833,0.026052767468749113,0.002302437123606385,0.6341147043745516
Itm2c,-0.002770614475866679,0.024106758431671843,0.0017825300167950702,0.6433699211210087
Gm10209,0.004032813327420036,0.00865676883124968,0.0026883869578857686,0.6666281673904418
Zfp493,-0.03669760534907563,0.022283610407236847,0.022117028494759588,0.602683152875442
Yipf4,0.03348739059500823,0.060518096553565506,0.020337023703615578,0.6073039237236687
Rps11-ps1,0.007567407584721844,0.012898816424244668,0.005123829957383331,0.67709184420409
Smagp,0.016576674312298072,0.03214284394925939,0.010346177311849962,0.6241407122401045
Hmox2,0.006300727600235617,0.026066442137026406,0.004140657645136852,0.6571713471602885
Kmt2e,-0.0007421435485470971,0.019088935809150633,0.00047497238827341287,0.6400006969046241
Ide,0.024462375802003063,0.03893712398866229,0.015526553185108767,0.6347115795611888
Gnao1,0.016806461803374875,0.028839926543730767,0.010387230876441599,0.6180498309498884
Dnajc8,-0.006176646232352196,0.01874828844902388,0.00406609233602246,0.6583009910337714
Tmed9,0.01792323459054523,0.025568589161636204,0.011413782327943505,0.6368148712378313
Bcat2,0.0009302542842251759,0.028479749500062043,0.0006140743511652874,0.6601145101704746
Gan,0.02935079907239646,0.04354327597540068,0.018861357319858718,0.6426181881227641
Impdh2,-0.010051925579168827,0.015329129229479767,0.006817204176209887,0.6781988309123144
Gm5449,0.01227080084166156,0.013046739169625184,0.008128750008862054,0.6624465765317856
Thap11,0.000690363184372707,0.022290254312206385,0.0004445677625556419,0.6439621529928408
Sec62,0.005205152126618087,0.024428761701407224,0.0032822058417792998,0.6305686677234212
Utp23,0.00038187268575307195,0.016073192560949003,0.00023941492557158023,0.6269495947306157
Synm,0.054267729244230276,0.0676655432308488,0.03276271888097606,0.6037237846000232
Bnipl,0.03833123034748956,0.05365152529514742,0.022353850477599146,0.58317591882524
Sgsm3,0.013362057186760852,0.024088452159445755,0.008190146520501025,0.6129405379746343
Rcan3,-0.01087927604678785,0.015782747662996886,0.006725213386838528,0.6181673631513537
Ldah,0.00914308967092659,0.027544110027294996,0.006001850083024031,0.6564356578617897
Nbn,0.032432107496215716,0.044534914874331075,0.01979089287883855,0.6102253108635576
Lilrb4a,0.0010561122953034756,0.03993696842485644,0.0006524140272603889,0.6177506219382822
Sf3b4,0.0058550788001469,0.03956435124067032,0.0038630921555752014,0.6597848274011751
Gm44582,0.005157177660674513,0.021389136607305754,0.0034971003017218462,0.67810351549232
Bex1,0.004923899081118443,0.025422592438121366,0.0032130185998187214,0.6525354291154354
Mrps14,-0.000444140418242078,0.020924482739167426,0.0002756834922807467,0.6207124615496846
Ift88os,0.011469782283074074,0.012864929966528094,0.007034515032632493,0.6133085056909325
Dlg4,-0.005554267723581325,0.026456868578055924,0.003409698625464914,0.6138880578241881
Mapk1ip1,0.011110534095474611,0.025504902335037532,0.007418398260363022,0.6676905175408787
Ly96,-0.000884172692120431,0.010724311398159814,0.0005573305368577289,0.6303412691033624
Stat6,0.005348603518777557,0.02615015979728328,0.003303301199051876,0.6176006853854177
Fadd,-8.612182906504391e-05,0.03028098866574516,5.414688492769012e-05,0.6287242794947543
Uso1,0.004911052755890943,0.023757300930568926,0.0031607362947318513,0.6435964856904584
Rap2b,0.0374220044670736,0.043242087442971346,0.023224674583457977,0.6206154617904718
Capza1,0.00815337526385316,0.024722121734957133,0.005159688204263115,0.6328284958424354
Gpr89,-0.0005265720612731003,0.024403264215543,0.0003222121449866463,0.6119051288206018
Pithd1,0.012435582682779925,0.03424412829540292,0.007689181438572569,0.6183209612863659
U2af1l4,-0.004686145137033682,0.01733716430608451,0.003191825263655145,0.6811195919714007
Ndufa7,0.006252965197679539,0.024210083542540534,0.004034133072785568,0.645155209608815
Pappa2,0.0383335594469474,0.04249683676026101,0.024180063414942256,0.6307805422662824
Tmcc3,0.035630410751461436,0.03903085237504591,0.02195521428349816,0.6161931288596675
Drg2,-0.006369376125571642,0.019608672878867913,0.0039459764560802624,0.6195232277519358
Ssb,-0.008722765415282946,0.019149570101464276,0.005578954353915873,0.6395855085293389
Armc1,-0.01649915138136943,0.00020767968352011223,0.01040423519250791,0.6305921408937554
Tll1,0.03287418574313061,0.04539328282783072,0.02060307978182018,0.6267251740562243
Lpl,0.036824333696084476,0.046244216579832076,0.022037348761513448,0.5984452819537825
Btf3l4,0.038819807663813675,0.03352353319281333,0.024765397465177547,0.6379577580509986
Pitpnm2,-0.000654495560679668,0.02951615646125123,0.0003991914463616524,0.609922313219524
Hoxa11os,-0.02702158963188617,0.005836158052282855,0.01613043032062909,0.5969460176241729
Aldh1l2,-0.004879915332324125,0.027246424220207937,0.0030163529871078277,0.6181158445778299
Chodl,0.013250469820047931,0.026605157067631155,0.008313992410223903,0.6274488771443297
Abce1,0.005456623448083929,0.017411942096852564,0.0033996102765493706,0.6230245331924323
Prrx2,-0.0018758118694633882,0.011069694857814909,0.0002756166198306093,0.14693190949338364
Pdgfra,-0.17046785862194508,0.020411854147670397,0.07315472225276011,0.42914085296864624
Pdgfrb,-0.14089175874102303,0.01885148148478926,0.03161192525341809,0.22437029345005788
Lepr,-0.13160847025089092,0.03723463493143109,0.06261266383016494,0.47574949933544325
Postn,-0.15676944502671258,0.007893447103712519,0.05306356107390611,0.3384815265810528
Ly6a,-0.0009511967074257369,0.004525916787483959,8.117211832814149e-05,0.08533683694913217
Scx,0.012283516225883145,0.032676638599484054,0.005102709483956008,0.4154111404358192
Twist1,-0.027001640693057865,0.027810425697271667,0.013400625081571655,0.4962892897473805
Twist2,-6.742880471928855e-05,0.021356550647172963,3.304062722535024e-05,0.49000760673277516
Msx1,-0.04613371882020742,-0.024962093493952096,0.023674502916412408,0.5131713532281412
Msx2,0.002761116734835907,-0.02440346558070869,0.0005077257886185696,0.18388421692310078
Hoxa11,1.932061193405275e-05,0.007179160900189856,3.144467484623427e-06,0.16275196123996855
Hoxd13,-0.000559686180335963,0.014671267076427588,3.642485823211973e-05,0.06508086051053641
Sox9,0.170467712223312,0.4239408403384279,0.10669791682800436,0.6259127633990332
Sox5,0.24052357727098728,0.43599174464536256,0.13155006332471322,0.5469320921354067
Sox6,0.15993290228056778,0.40608135398806394,0.011671905371341332,0.07298001352383071
Acan,0.17636939855587877,0.40167602530468843,0.01268882266432638,0.07194458204327439
Col11a1,0.29040300754384185,0.4323306201924863,0.13242760695386271,0.45601320755560787
Col1a2,-0.00043370390883057153,-0.005500036979890317,2.682486651456566e-05,0.06185064503314154
Col3a1,0.01546342597420828,0.018577231359561866,0.008890230590129352,0.5749198531397586
Dcn,0.011618003214186165,0.019963464540642864,0.004258451915860454,0.3665390547198911
Lum,0.0018656563732032485,0.009201196707300005,0.00025099458359072836,0.13453419782753556
Lgals1,0.0013399691577357748,0.005408159763466746,0.0001412486846922852,0.10541189241322647
Col14a1,0.10274526251472156,0.07665039403865988,0.026560706375172525,0.2585102779932734
Pdzrn4,0.010255379870458804,0.018877784743292585,0.00473548834279922,0.46175650269572743
Col6a1,0.016777538979182476,0.08382807261715015,0.008176982878295738,0.4873767772759589
Fbln1,0.05470353604987809,0.08371771877904281,0.03199864059291904,0.5849464751920795
Fbln2,-0.0027310238998870307,0.026137062574817117,0.0010154194411655078,0.37180906443459205
Runx2,0.3260049592111862,0.004536818276934552,0.031941182048106004,0.09797759557214124
Mmp9,0.3184307442826322,-0.00988702290801904,0.016172093821416732,0.050786848040849764
Sp7,0.30634376112329964,-0.00922828378145826,0.035728868463516306,0.11662998564914749
Spp1,0.3298236333163418,0.026851977420305203,0.13774488587539283,0.4176319461719057
Alpl,0.3283664550186796,0.02415981453990563,0.0877167976478585,0.2671308116502601
Dlx5,-0.005262960186266064,0.001581499129165104,0.001242121207254475,0.2360118950730137
Dlx6,0.008991159364951864,0.014090468721958288,0.0007599561598585414,0.08452259925687682
Cdk8,0.006138252011442292,0.017463700042121097,0.0027255681702118254,0.4440300211087952
Inhba,0.001893807131870437,0.006422792631791138,0.00013415906109219,0.07084093138866072
Inhbb,-0.014255092133267658,0.00015882654921122293,0.006059750959223047,0.42509377719707425
Bmp2,0.0030670261775975704,0.008883946921861747,0.0007241535905036214,0.23610936085027404
Bmp4,0.0390264708981947,0.04681363776999648,0.011440276016168158,0.2931414435604877
Bmp7,0.03148113772998968,0.03471608131073351,0.008961689896181972,0.28466855210397474
Bmpr1a,0.05281146579367955,0.03982081135736557,0.020641433124871256,0.3908513580272868
Bmpr2,0.015853655468981705,0.022920496235102648,0.007856878430979892,0.4955878123094185
Acvr1,0.006281461703717487,0.013648669524234788,0.0015195800679719301,0.24191504137844447
Acvr2a,0.0023603294958660015,0.009904794877855077,0.0006693360693964399,0.2835773863643819
Acvr2b,0.013376954544169782,0.000603206489008092,0.0016145628899379724,0.12069734442221486
Smad1,0.008809456051756535,0.010873158542404109,0.004124050032852611,0.4681390097894079
Smad5,0.006242616376581697,0.013474375184070035,0.0020751983225647634,0.33242445112430424
Smad9,0.007696056726436885,-0.005217752124007796,0.0006534364567113626,0.08490535867111391
Nog,-0.0005418427357621389,0.008222889872837766,0.0001615021632342216,0.29806095491352813
Chrd,0.030269258308667422,0.028904308467981463,0.012024992774097699,0.3972675065729778
Grem1,-0.008629609423911807,0.010062582947963722,0.0011952553855135082,0.13850631318279272
Fstl1,0.017292228557499862,0.014665042312722424,0.0026559990010872393,0.1535949511802687
Map2k2,0.009674751794364014,0.02333297508789783,0.004437119139175335,0.45862873110193486
Mapk1,-0.022643788051949144,-0.004798563347357167,0.003538304000097712,0.15625936755723785
Mapk3,-0.005668298362606034,-0.001173633058603099,0.00045366213451732086,0.08003497795919602
Ptpn11,0.009447339806838997,0.006161648038782307,0.003639021282324086,0.3851900489161798
Nf1,0.016349275011460666,0.03090302764614296,0.00797880245425703,0.48802178987532935
Kras,-0.0023502631904288355,0.013870304922258346,0.0007797519448491299,0.3317721811006427
Cd47,0.013070033159822188,0.01951242501144989,0.0012816676374051163,0.09806154443012544
Thbs1,0.017804892600131007,0.04088609356501247,0.004033118935883413,0.22651745373930185
Sparc,0.035256108071848064,0.01749932567202814,0.00749699641198356,0.21264390263115562
Clec11a,0.007851434889535778,0.027968590065694462,0.0006932014137372806,0.08828977422472986
Itga11,0.021662282379790867,0.0005197185715799735,0.0015286170888430114,0.07056583706383063
Wnt10b,-0.021373870765716462,0.02417560340942718,0.005915791914873743,0.2767768168769239
Wnt5a,-0.019628654218218237,-0.005169313447286983,0.005856563185123519,0.29836804500268693
Ctnnb1,-0.0004340774880980286,0.01825760111733886,0.0002564173570838686,0.590717934273434
Axin2,-0.0003991341820089734,0.03484735872981039,0.00021548805121349458,0.5398887414975897
Lef1,-0.00243670196847421,0.0076319523440094425,0.00013246718666616122,0.054363310893169356
Mki67,0.006749786858314633,0.016533873351794223,0.0032805908915087404,0.4860288125198486
Cdk1,-0.011522884090328285,0.006027520650189627,0.003342749526834106,0.2900966026066198
Pcna,-0.014663675531039698,-0.0010921061488443073,0.008977560786608236,0.612231276367563
Ccnb1,-0.00809313346145546,-0.0022199035971366752,0.0010185133341831067,0.12584907181302538
Sost,-0.002138124880251787,0.01172156304871708,0.0007123168408590451,0.3331502511561262
Dkk1,-0.022725553397524027,0.029124020647701733,0.010302461255704583,0.4533425908487248
Dkk3,-0.00655395253434886,0.005833545538017474,0.002914634999404729,0.44471408423074577
